Instrument-1,Instrument-2,p-value,t-value,critical value,hedge_ratio,Zero_crossings
WSMUSDT,MULTIUSDT,0.0,-5.05,-3.34,0.01,119
RIFUSDT,KASUSDT,0.0,-4.2,-3.34,2.8,101
ZECUSDT,ANKRUSDT,0.0,-4.71,-3.34,1509.34,100
TOMIUSDT,MKRUSDT,0.01,-3.94,-3.34,0.0,99
10000STARLUSDT,AKROUSDT,0.02,-3.74,-3.34,7.68,99
QTUMUSDT,IMXUSDT,0.01,-3.81,-3.34,2.0,97
VETUSDT,GRTUSDT,0.0,-4.76,-3.34,0.21,91
YGGUSDT,IMXUSDT,0.02,-3.73,-3.34,1.11,89
VGXUSDT,MULTIUSDT,0.0,-4.61,-3.34,0.06,89
RNDRUSDT,COMPUSDT,0.01,-3.84,-3.34,0.01,89
ZECUSDT,QTUMUSDT,0.0,-4.72,-3.34,16.39,89
STPTUSDT,ORBSUSDT,0.04,-3.44,-3.34,1.52,88
SUIUSDT,ARUSDT,0.04,-3.41,-3.34,0.02,87
SNTUSDT,MULTIUSDT,0.03,-3.5,-3.34,0.02,87
STGUSDT,HIGHUSDT,0.02,-3.59,-3.34,0.22,85
RNDRUSDT,1INCHUSDT,0.02,-3.74,-3.34,1.8,83
OXTUSDT,GMXUSDT,0.04,-3.47,-3.34,0.0,83
XLMUSDT,HNTUSDT,0.04,-3.39,-3.34,0.01,82
ZRXUSDT,MASKUSDT,0.04,-3.47,-3.34,0.06,81
10000STARLUSDT,ARKMUSDT,0.0,-7.28,-3.34,0.09,81
YGGUSDT,AUDIOUSDT,0.0,-4.31,-3.34,3.43,80
PERPUSDT,AUCTIONUSDT,0.0,-5.43,-3.34,0.12,80
10000STARLUSDT,HNTUSDT,0.0,-5.22,-3.34,0.0,80
PHBUSDT,VGXUSDT,0.0,-4.27,-3.34,5.37,79
10000STARLUSDT,ANKRUSDT,0.0,-5.46,-3.34,0.36,79
ZECUSDT,AUDIOUSDT,0.0,-4.45,-3.34,102.67,79
XEMUSDT,ANKRUSDT,0.0,-4.5,-3.34,1.22,78
10000STARLUSDT,AUCTIONUSDT,0.0,-5.88,-3.34,0.01,78
10000STARLUSDT,BLURUSDT,0.0,-7.66,-3.34,0.05,78
XEMUSDT,IDEXUSDT,0.02,-3.73,-3.34,2.09,78
TUSDT,FLRUSDT,0.01,-3.79,-3.34,1.12,78
PERPUSDT,OGNUSDT,0.01,-3.89,-3.34,5.01,77
RNDRUSDT,HBARUSDT,0.0,-4.71,-3.34,11.51,77
TOMIUSDT,NKNUSDT,0.03,-3.48,-3.34,19.24,76
UMAUSDT,STEEMUSDT,0.04,-3.38,-3.34,6.23,76
10000STARLUSDT,CROUSDT,0.0,-6.25,-3.34,0.07,76
RUNEUSDT,CELRUSDT,0.03,-3.53,-3.34,93.78,74
TOMIUSDT,UMAUSDT,0.04,-3.45,-3.34,1.36,74
10000STARLUSDT,BELUSDT,0.0,-5.11,-3.34,0.05,74
WSMUSDT,ARKMUSDT,0.04,-3.41,-3.34,0.06,74
TRXUSDT,ICPUSDT,0.03,-3.55,-3.34,0.0,73
ZENUSDT,LITUSDT,0.01,-4.07,-3.34,23.34,73
WSMUSDT,IDEXUSDT,0.02,-3.76,-3.34,0.4,73
TRBUSDT,NTRNUSDT,0.0,-4.65,-3.34,37.62,72
RIFUSDT,OXTUSDT,0.04,-3.39,-3.34,1.46,72
YFIUSDT,ENJUSDT,0.03,-3.49,-3.34,9533.87,72
RDNTUSDT,HOOKUSDT,0.03,-3.48,-3.34,0.15,72
10000STARLUSDT,ALPACAUSDT,0.0,-5.22,-3.34,0.26,72
WSMUSDT,10000STARLUSDT,0.01,-3.98,-3.34,0.61,71
RDNTUSDT,HIGHUSDT,0.01,-4.03,-3.34,0.13,71
PENDLEUSDT,BSVUSDT,0.02,-3.7,-3.34,0.01,71
10000STARLUSDT,FETUSDT,0.0,-5.51,-3.34,0.09,71
XRPUSDT,APTUSDT,0.0,-4.48,-3.34,0.18,70
10000STARLUSDT,1000PEPEUSDT,0.0,-5.25,-3.34,24.23,70
TRUUSDT,MAVUSDT,0.02,-3.62,-3.34,0.23,70
10000STARLUSDT,COMPUSDT,0.0,-5.41,-3.34,0.0,70
THETAUSDT,HBARUSDT,0.04,-3.43,-3.34,19.18,69
10000STARLUSDT,FORTHUSDT,0.0,-5.35,-3.34,0.01,69
PERPUSDT,ALPACAUSDT,0.0,-4.67,-3.34,4.38,69
XVSUSDT,OXTUSDT,0.04,-3.39,-3.34,65.83,68
RNDRUSDT,CTKUSDT,0.04,-3.43,-3.34,2.61,68
STPTUSDT,1000PEPEUSDT,0.02,-3.61,-3.34,40.49,68
PERPUSDT,HNTUSDT,0.01,-3.86,-3.34,0.03,68
UNIUSDT,HFTUSDT,0.0,-4.14,-3.34,26.05,67
XEMUSDT,YGGUSDT,0.0,-4.24,-3.34,0.02,67
VGXUSDT,IDEXUSDT,0.0,-4.52,-3.34,2.13,66
XEMUSDT,ZECUSDT,0.0,-5.26,-3.34,0.0,66
STRAXUSDT,OGNUSDT,0.03,-3.49,-3.34,7.91,66
10000STARLUSDT,NKNUSDT,0.0,-6.0,-3.34,0.34,66
WOOUSDT,XTZUSDT,0.04,-3.47,-3.34,0.07,66
ZENUSDT,IMXUSDT,0.0,-4.71,-3.34,13.5,66
THETAUSDT,10000NFTUSDT,0.02,-3.73,-3.34,360.17,66
STRAXUSDT,BTCUSDT,0.02,-3.64,-3.34,0.0,66
RIFUSDT,FILUSDT,0.04,-3.42,-3.34,0.0,65
TRUUSDT,DYDXUSDT,0.0,-4.34,-3.34,0.0,65
10000STARLUSDT,ETHUSDT,0.0,-5.77,-3.34,0.0,65
ZENUSDT,1000BONKUSDT,0.01,-3.89,-3.34,66357.37,65
RDNTUSDT,1000FLOKIUSDT,0.03,-3.49,-3.34,8.65,65
YGGUSDT,DYDXUSDT,0.01,-4.01,-3.34,0.35,64
ZECUSDT,LPTUSDT,0.01,-3.88,-3.34,4.03,64
SNTUSDT,ICPUSDT,0.02,-3.71,-3.34,0.0,64
PERPUSDT,NMRUSDT,0.0,-5.81,-3.34,0.05,64
RIFUSDT,JSTUSDT,0.05,-3.37,-3.34,2.0,64
PERPUSDT,DOTUSDT,0.01,-3.77,-3.34,0.02,64
TOMIUSDT,AKROUSDT,0.03,-3.58,-3.34,436.98,63
SSVUSDT,HFTUSDT,0.01,-3.87,-3.34,55.94,63
10000STARLUSDT,MDTUSDT,0.0,-5.26,-3.34,0.8,63
RNDRUSDT,EDUUSDT,0.01,-4.0,-3.34,4.31,63
VETUSDT,EDUUSDT,0.02,-3.62,-3.34,0.13,63
10000LADYSUSDT,GFTUSDT,0.04,-3.46,-3.34,0.01,62
PHBUSDT,MULTIUSDT,0.03,-3.56,-3.34,0.31,62
STPTUSDT,MEMEUSDT,0.0,-4.3,-3.34,2.23,62
ONTUSDT,NMRUSDT,0.01,-3.9,-3.34,0.02,62
SWEATUSDT,1000FLOKIUSDT,0.02,-3.65,-3.34,0.35,62
10000STARLUSDT,ICPUSDT,0.0,-7.22,-3.34,0.0,61
XEMUSDT,CROUSDT,0.0,-4.57,-3.34,0.23,61
TRXUSDT,1000FLOKIUSDT,0.03,-3.48,-3.34,2.55,61
XTZUSDT,MKRUSDT,0.01,-3.83,-3.34,0.0,61
10000STARLUSDT,ALGOUSDT,0.0,-4.5,-3.34,0.02,61
THETAUSDT,PENDLEUSDT,0.02,-3.7,-3.34,9.46,59
SFPUSDT,LITUSDT,0.05,-3.36,-3.34,0.52,59
PERPUSDT,1000FLOKIUSDT,0.0,-4.91,-3.34,16.94,59
10000STARLUSDT,INJUSDT,0.0,-4.9,-3.34,0.02,59
XTZUSDT,NKNUSDT,0.03,-3.53,-3.34,19.62,59
10000STARLUSDT,10000NFTUSDT,0.0,-5.28,-3.34,2.04,59
WLDUSDT,JASMYUSDT,0.02,-3.76,-3.34,46.46,59
10000STARLUSDT,AGIXUSDT,0.0,-4.87,-3.34,0.09,59
10000STARLUSDT,1000FLOKIUSDT,0.0,-6.05,-3.34,1.01,58
WSMUSDT,AMBUSDT,0.01,-3.91,-3.34,3.25,58
ZRXUSDT,LQTYUSDT,0.01,-3.89,-3.34,0.31,58
STGUSDT,WSMUSDT,0.04,-3.38,-3.34,22.78,58
RDNTUSDT,IDEXUSDT,0.02,-3.63,-3.34,5.35,58
PERPUSDT,ETCUSDT,0.01,-3.81,-3.34,0.01,58
STRAXUSDT,MNTUSDT,0.03,-3.52,-3.34,2.08,58
SFPUSDT,XRPUSDT,0.03,-3.58,-3.34,1.41,58
USDCUSDT,POLYXUSDT,0.01,-3.9,-3.34,4.74,57
SWEATUSDT,STGUSDT,0.04,-3.41,-3.34,0.02,57
ZENUSDT,CROUSDT,0.0,-4.47,-3.34,115.72,57
TOMIUSDT,BELUSDT,0.02,-3.61,-3.34,2.63,57
10000STARLUSDT,IOTAUSDT,0.0,-6.06,-3.34,0.04,57
RDNTUSDT,MAVUSDT,0.04,-3.46,-3.34,1.06,57
PROMUSDT,GMXUSDT,0.01,-3.82,-3.34,0.1,57
STGUSDT,1000BONKUSDT,0.03,-3.49,-3.34,566.86,57
POWRUSDT,RIFUSDT,0.03,-3.55,-3.34,2.69,56
ZECUSDT,IDEXUSDT,0.03,-3.53,-3.34,2578.47,56
PERPUSDT,GLMUSDT,0.0,-5.29,-3.34,3.43,56
10000STARLUSDT,DOTUSDT,0.0,-4.88,-3.34,0.0,56
RDNTUSDT,IOTAUSDT,0.0,-4.46,-3.34,0.34,55
SFPUSDT,YGGUSDT,0.01,-4.1,-3.34,0.27,55
10000STARLUSDT,BLZUSDT,0.0,-5.49,-3.34,0.36,55
PERPUSDT,INJUSDT,0.02,-3.62,-3.34,0.33,55
UMAUSDT,AGIXUSDT,0.04,-3.39,-3.34,3.72,55
10000STARLUSDT,HOOKUSDT,0.0,-6.45,-3.34,0.02,55
PENDLEUSDT,COMPUSDT,0.02,-3.67,-3.34,0.0,55
SSVUSDT,IOSTUSDT,0.0,-4.41,-3.34,734.07,55
SFPUSDT,DYDXUSDT,0.0,-4.6,-3.34,0.1,55
POWRUSDT,KNCUSDT,0.0,-4.58,-3.34,0.14,55
10000STARLUSDT,AUDIOUSDT,0.0,-5.44,-3.34,0.02,55
PERPUSDT,BLZUSDT,0.0,-5.1,-3.34,6.11,55
YGGUSDT,IOSTUSDT,0.04,-3.38,-3.34,118.78,55
RDNTUSDT,AMBUSDT,0.01,-3.78,-3.34,43.74,54
PERPUSDT,NEOUSDT,0.01,-3.88,-3.34,0.03,54
ZRXUSDT,RENUSDT,0.04,-3.46,-3.34,0.82,54
STRAXUSDT,FILUSDT,0.02,-3.65,-3.34,0.01,54
HNTUSDT,10000NFTUSDT,0.01,-3.82,-3.34,1330.55,54
THETAUSDT,MDTUSDT,0.02,-3.61,-3.34,142.04,54
STRAXUSDT,EOSUSDT,0.0,-4.12,-3.34,0.22,54
TIAUSDT,FILUSDT,0.0,-4.92,-3.34,0.2,54
UNIUSDT,AUDIOUSDT,0.03,-3.5,-3.34,9.73,54
RNDRUSDT,CELRUSDT,0.01,-3.89,-3.34,38.21,53
SFPUSDT,AAVEUSDT,0.02,-3.66,-3.34,0.0,53
POWRUSDT,BCHUSDT,0.01,-4.07,-3.34,0.0,53
TRUUSDT,CROUSDT,0.0,-4.23,-3.34,0.13,53
10000STARLUSDT,HFTUSDT,0.0,-5.23,-3.34,0.06,53
XEMUSDT,ZENUSDT,0.0,-4.16,-3.34,0.0,53
USDCUSDT,MDTUSDT,0.01,-4.03,-3.34,21.44,53
PERPUSDT,ARKMUSDT,0.0,-4.59,-3.34,1.57,53
TRUUSDT,IMXUSDT,0.0,-4.66,-3.34,0.01,53
RNDRUSDT,C98USDT,0.01,-3.85,-3.34,1.29,53
10000STARLUSDT,KLAYUSDT,0.0,-4.85,-3.34,0.03,53
STRAXUSDT,OXTUSDT,0.03,-3.49,-3.34,11.56,52
STPTUSDT,ILVUSDT,0.03,-3.55,-3.34,0.0,52
STPTUSDT,LINKUSDT,0.01,-3.8,-3.34,0.01,52
XEMUSDT,LPTUSDT,0.0,-4.34,-3.34,0.0,52
SWEATUSDT,CELOUSDT,0.01,-3.82,-3.34,0.0,52
TIAUSDT,AVAXUSDT,0.0,-4.9,-3.34,0.16,52
XLMUSDT,1000PEPEUSDT,0.01,-3.84,-3.34,218.31,52
10000STARLUSDT,NMRUSDT,0.0,-4.95,-3.34,0.0,52
10000STARLUSDT,ENJUSDT,0.0,-4.94,-3.34,0.01,52
POWRUSDT,MATICUSDT,0.0,-4.52,-3.34,0.17,52
PERPUSDT,ANTUSDT,0.01,-3.8,-3.34,0.08,52
POWRUSDT,FILUSDT,0.0,-4.18,-3.34,0.01,52
STPTUSDT,PERPUSDT,0.02,-3.6,-3.34,0.1,52
YFIUSDT,EGLDUSDT,0.02,-3.62,-3.34,93.09,51
XTZUSDT,CKBUSDT,0.01,-3.8,-3.34,190.4,51
XVSUSDT,GMXUSDT,0.04,-3.4,-3.34,0.13,51
RNDRUSDT,ARBUSDT,0.04,-3.38,-3.34,3.1,51
XRPUSDT,ACHUSDT,0.02,-3.66,-3.34,44.05,51
PERPUSDT,MATICUSDT,0.01,-3.97,-3.34,0.31,51
SFPUSDT,HOTUSDT,0.01,-3.89,-3.34,350.89,51
OXTUSDT,EOSUSDT,0.03,-3.49,-3.34,0.02,51
10000STARLUSDT,ETHWUSDT,0.0,-5.25,-3.34,0.01,51
10000STARLUSDT,MULTIUSDT,0.0,-6.34,-3.34,0.02,51
10000STARLUSDT,HIGHUSDT,0.0,-6.35,-3.34,0.01,51
THETAUSDT,ETHUSDT,0.04,-3.38,-3.34,0.0,51
10000STARLUSDT,CKBUSDT,0.0,-5.39,-3.34,3.29,51
10000STARLUSDT,LPTUSDT,0.0,-5.46,-3.34,0.0,51
PERPUSDT,BNTUSDT,0.0,-4.5,-3.34,1.35,51
USDCUSDT,KLAYUSDT,0.03,-3.55,-3.34,0.78,51
ZRXUSDT,FLOWUSDT,0.01,-4.03,-3.34,0.06,51
TIAUSDT,BLZUSDT,0.0,-4.95,-3.34,116.5,51
10000STARLUSDT,NEARUSDT,0.0,-5.51,-3.34,0.0,51
10000STARLUSDT,NEOUSDT,0.0,-4.89,-3.34,0.0,51
PERPUSDT,CKBUSDT,0.03,-3.56,-3.34,55.07,51
USDCUSDT,1000PEPEUSDT,0.05,-3.36,-3.34,625.69,50
10000STARLUSDT,KAVAUSDT,0.0,-5.3,-3.34,0.01,50
XTZUSDT,DOGEUSDT,0.04,-3.45,-3.34,26.09,50
UNIUSDT,LQTYUSDT,0.01,-3.89,-3.34,7.71,50
SWEATUSDT,SEIUSDT,0.0,-4.15,-3.34,0.1,50
UNIUSDT,SSVUSDT,0.02,-3.61,-3.34,0.46,50
POWRUSDT,MNTUSDT,0.0,-4.87,-3.34,0.72,50
10000STARLUSDT,JASMYUSDT,0.0,-6.23,-3.34,1.06,49
PROMUSDT,MATICUSDT,0.01,-3.82,-3.34,2.06,49
10000STARLUSDT,LITUSDT,0.0,-5.72,-3.34,0.01,49
TOMIUSDT,CRVUSDT,0.02,-3.59,-3.34,0.45,49
10000STARLUSDT,FRONTUSDT,0.0,-4.9,-3.34,0.11,49
XTZUSDT,BONDUSDT,0.04,-3.44,-3.34,0.53,49
TUSDT,LRCUSDT,0.01,-3.95,-3.34,0.02,49
10000STARLUSDT,AAVEUSDT,0.0,-5.35,-3.34,0.0,49
ZECUSDT,DYDXUSDT,0.03,-3.55,-3.34,10.4,49
SNXUSDT,APTUSDT,0.03,-3.59,-3.34,1.09,49
STEEMUSDT,AGIXUSDT,0.04,-3.44,-3.34,0.59,49
STPTUSDT,BATUSDT,0.03,-3.53,-3.34,0.06,49
USDCUSDT,KEYUSDT,0.01,-3.91,-3.34,164.04,49
10000STARLUSDT,BATUSDT,0.0,-4.92,-3.34,0.03,48
POWRUSDT,EOSUSDT,0.04,-3.44,-3.34,0.08,48
10000STARLUSDT,ALICEUSDT,0.0,-5.08,-3.34,0.0,48
10000STARLUSDT,AMBUSDT,0.0,-5.83,-3.34,5.09,48
YFIUSDT,BSWUSDT,0.02,-3.64,-3.34,29496.9,48
PERPUSDT,BANDUSDT,0.01,-3.93,-3.34,0.16,48
THETAUSDT,1000PEPEUSDT,0.04,-3.43,-3.34,4182.75,48
10000STARLUSDT,DUSKUSDT,0.0,-4.9,-3.34,0.06,48
USDCUSDT,HNTUSDT,0.01,-4.09,-3.34,0.04,48
10000STARLUSDT,GLMUSDT,0.0,-5.09,-3.34,0.2,48
TRXUSDT,NEARUSDT,0.05,-3.37,-3.34,0.01,47
POWRUSDT,ETHWUSDT,0.0,-4.33,-3.34,0.04,47
UNIUSDT,IOSTUSDT,0.05,-3.36,-3.34,340.57,47
YGGUSDT,CROUSDT,0.02,-3.71,-3.34,9.54,47
ZECUSDT,IMXUSDT,0.02,-3.61,-3.34,32.99,47
USDCUSDT,ENSUSDT,0.03,-3.53,-3.34,0.02,47
10000STARLUSDT,CVCUSDT,0.0,-5.51,-3.34,0.11,47
TIAUSDT,MULTIUSDT,0.0,-4.82,-3.34,5.66,47
PERPUSDT,COREUSDT,0.0,-4.12,-3.34,0.27,47
PERPUSDT,GASUSDT,0.0,-4.22,-3.34,0.07,46
RENUSDT,CELRUSDT,0.02,-3.76,-3.34,7.14,46
POWRUSDT,QNTUSDT,0.04,-3.38,-3.34,0.0,46
QTUMUSDT,MAVUSDT,0.03,-3.49,-3.34,31.31,46
PERPUSDT,MEMEUSDT,0.0,-5.23,-3.34,21.11,46
TIAUSDT,BADGERUSDT,0.0,-4.83,-3.34,5.92,46
STPTUSDT,BLZUSDT,0.03,-3.48,-3.34,0.62,46
YGGUSDT,MAVUSDT,0.04,-3.46,-3.34,17.25,46
RNDRUSDT,ZRXUSDT,0.03,-3.51,-3.34,6.34,46
TRXUSDT,CRVUSDT,0.03,-3.48,-3.34,0.02,46
ZECUSDT,MAVUSDT,0.0,-4.34,-3.34,514.5,46
XLMUSDT,10000NFTUSDT,0.04,-3.41,-3.34,18.74,46
10000STARLUSDT,KSMUSDT,0.0,-4.92,-3.34,0.0,46
SFPUSDT,MAVUSDT,0.03,-3.55,-3.34,4.72,46
UMAUSDT,OGNUSDT,0.03,-3.54,-3.34,12.52,45
USDCUSDT,ICPUSDT,0.02,-3.61,-3.34,0.02,45
ZRXUSDT,GRTUSDT,0.0,-4.15,-3.34,1.09,45
10000STARLUSDT,DYDXUSDT,0.0,-5.6,-3.34,0.0,45
10000STARLUSDT,EOSUSDT,0.0,-4.98,-3.34,0.01,45
10000STARLUSDT,BSVUSDT,0.0,-5.28,-3.34,0.0,45
USDCUSDT,RIFUSDT,0.01,-4.05,-3.34,7.95,45
10000STARLUSDT,IOTXUSDT,0.0,-6.05,-3.34,0.28,45
TIAUSDT,ETCUSDT,0.0,-4.98,-3.34,0.23,45
TOMIUSDT,BONDUSDT,0.03,-3.48,-3.34,0.52,45
YGGUSDT,ANKRUSDT,0.03,-3.59,-3.34,50.57,45
10000STARLUSDT,LINKUSDT,0.0,-5.3,-3.34,0.0,45
SWEATUSDT,HOOKUSDT,0.02,-3.6,-3.34,0.01,45
XTZUSDT,BANDUSDT,0.02,-3.71,-3.34,0.56,45
XEMUSDT,SKLUSDT,0.01,-4.08,-3.34,0.66,45
ORDIUSDT,POLYXUSDT,0.01,-4.09,-3.34,39.06,45
PERPUSDT,ICPUSDT,0.0,-4.69,-3.34,0.01,45
10000STARLUSDT,1000BONKUSDT,0.0,-6.63,-3.34,38.19,45
ORDIUSDT,GFTUSDT,0.02,-3.67,-3.34,131.41,45
SSVUSDT,LRCUSDT,0.02,-3.68,-3.34,14.62,44
10000STARLUSDT,BNTUSDT,0.0,-5.01,-3.34,0.08,44
XRPUSDT,MAVUSDT,0.01,-3.9,-3.34,3.31,44
PERPUSDT,OCEANUSDT,0.01,-4.01,-3.34,1.24,44
10000STARLUSDT,CFXUSDT,0.0,-5.17,-3.34,0.11,44
STPTUSDT,NMRUSDT,0.02,-3.61,-3.34,0.0,44
UMAUSDT,MKRUSDT,0.03,-3.49,-3.34,0.0,44
XTZUSDT,THETAUSDT,0.01,-3.85,-3.34,0.32,44
10000STARLUSDT,JSTUSDT,0.0,-5.21,-3.34,0.59,44
10000STARLUSDT,GASUSDT,0.0,-5.03,-3.34,0.0,44
10000STARLUSDT,IDEXUSDT,0.0,-6.87,-3.34,0.62,44
PERPUSDT,KLAYUSDT,0.01,-3.9,-3.34,0.49,44
10000STARLUSDT,APEUSDT,0.0,-4.89,-3.34,0.0,44
POWRUSDT,OXTUSDT,0.01,-3.96,-3.34,3.99,44
PERPUSDT,KASUSDT,0.01,-3.96,-3.34,14.12,43
RIFUSDT,GMXUSDT,0.03,-3.5,-3.34,0.0,43
UMAUSDT,BANDUSDT,0.04,-3.4,-3.34,0.4,43
TIAUSDT,MATICUSDT,0.0,-4.9,-3.34,6.47,43
TIAUSDT,GLMUSDT,0.0,-4.81,-3.34,69.59,43
STRAXUSDT,PHBUSDT,0.03,-3.51,-3.34,1.37,43
STRAXUSDT,IDEXUSDT,0.04,-3.45,-3.34,15.59,43
STRAXUSDT,FETUSDT,0.05,-3.38,-3.34,2.42,43
STPTUSDT,1000FLOKIUSDT,0.03,-3.59,-3.34,1.73,43
ZENUSDT,MAVUSDT,0.04,-3.45,-3.34,210.44,43
SFPUSDT,CELRUSDT,0.01,-3.86,-3.34,13.84,43
PERPUSDT,ENSUSDT,0.01,-3.97,-3.34,0.01,43
10000LADYSUSDT,AGLDUSDT,0.03,-3.56,-3.34,0.0,43
10000STARLUSDT,1000LUNCUSDT,0.0,-5.52,-3.34,0.14,43
10000STARLUSDT,ARUSDT,0.0,-5.53,-3.34,0.0,43
10000STARLUSDT,BONDUSDT,0.0,-4.15,-3.34,0.01,43
ORDIUSDT,1000FLOKIUSDT,0.0,-4.26,-3.34,218.66,43
10000STARLUSDT,KEYUSDT,0.0,-5.46,-3.34,6.2,43
10000STARLUSDT,CELRUSDT,0.0,-5.38,-3.34,0.36,43
THETAUSDT,HNTUSDT,0.03,-3.49,-3.34,0.27,42
PERPUSDT,LDOUSDT,0.0,-4.11,-3.34,0.3,42
PERPUSDT,ALGOUSDT,0.01,-3.92,-3.34,0.34,42
ORBSUSDT,PERPUSDT,0.0,-4.9,-3.34,0.06,42
TRBUSDT,AXSUSDT,0.02,-3.6,-3.34,0.25,42
KLAYUSDT,10000NFTUSDT,0.03,-3.52,-3.34,69.21,42
WAVESUSDT,NTRNUSDT,0.0,-4.59,-3.34,28.06,42
ZRXUSDT,CELRUSDT,0.01,-4.08,-3.34,5.89,42
VRAUSDT,QNTUSDT,0.03,-3.48,-3.34,0.0,42
STEEMUSDT,LDOUSDT,0.02,-3.7,-3.34,0.12,42
TIAUSDT,GALAUSDT,0.0,-4.83,-3.34,26.07,42
TIAUSDT,KNCUSDT,0.0,-4.84,-3.34,5.34,42
SFPUSDT,ALPHAUSDT,0.01,-3.89,-3.34,4.89,42
TIAUSDT,ALPACAUSDT,0.0,-4.86,-3.34,89.6,42
VGXUSDT,PAXGUSDT,0.01,-3.87,-3.34,0.0,41
TRXUSDT,RADUSDT,0.05,-3.37,-3.34,0.06,41
RDNTUSDT,COREUSDT,0.01,-3.85,-3.34,0.14,41
PERPUSDT,CROUSDT,0.01,-4.03,-3.34,1.13,41
TRUUSDT,CEEKUSDT,0.02,-3.67,-3.34,0.35,41
XEMUSDT,AUDIOUSDT,0.01,-3.88,-3.34,0.08,41
PERPUSDT,LPTUSDT,0.01,-3.89,-3.34,0.02,41
ZRXUSDT,ADAUSDT,0.02,-3.77,-3.34,0.35,41
XVSUSDT,AXSUSDT,0.02,-3.7,-3.34,0.06,41
PERPUSDT,LINKUSDT,0.0,-4.67,-3.34,0.05,41
SEIUSDT,1000BONKUSDT,0.02,-3.64,-3.34,125.98,41
POWRUSDT,GMXUSDT,0.03,-3.59,-3.34,0.01,41
UMAUSDT,AKROUSDT,0.02,-3.69,-3.34,323.64,41
PERPUSDT,FORTHUSDT,0.01,-3.85,-3.34,0.23,41
ROSEUSDT,1000FLOKIUSDT,0.02,-3.68,-3.34,8.13,41
10000STARLUSDT,KASUSDT,0.0,-4.9,-3.34,0.84,41
WAVESUSDT,BTCUSDT,0.0,-4.27,-3.34,0.0,40
10000STARLUSDT,CELOUSDT,0.0,-6.29,-3.34,0.01,40
TIAUSDT,MNTUSDT,0.0,-4.82,-3.34,26.7,40
WSMUSDT,HIGHUSDT,0.03,-3.52,-3.34,0.01,40
POWRUSDT,INJUSDT,0.04,-3.46,-3.34,0.18,40
10000STARLUSDT,DENTUSDT,0.0,-5.06,-3.34,13.01,40
TRUUSDT,AMBUSDT,0.04,-3.39,-3.34,9.37,40
PERPUSDT,MANAUSDT,0.0,-4.25,-3.34,0.18,40
USDCUSDT,PAXGUSDT,0.03,-3.53,-3.34,0.0,40
PERPUSDT,ATAUSDT,0.0,-4.11,-3.34,8.01,39
10000STARLUSDT,IMXUSDT,0.0,-5.92,-3.34,0.01,39
USDCUSDT,1000FLOKIUSDT,0.03,-3.52,-3.34,26.71,39
TIAUSDT,ETHUSDT,0.0,-4.83,-3.34,0.01,39
10000STARLUSDT,GMXUSDT,0.0,-4.98,-3.34,0.0,39
10000STARLUSDT,MATICUSDT,0.0,-5.22,-3.34,0.02,39
STPTUSDT,ONTUSDT,0.04,-3.4,-3.34,0.25,39
POWRUSDT,APEUSDT,0.01,-3.87,-3.34,0.02,39
TIAUSDT,EOSUSDT,0.0,-4.88,-3.34,2.86,39
10000NFTUSDT,AAVEUSDT,0.04,-3.4,-3.34,0.0,39
10000STARLUSDT,ARPAUSDT,0.0,-5.87,-3.34,0.82,39
10000STARLUSDT,MAVUSDT,0.0,-5.94,-3.34,0.12,39
QTUMUSDT,CROUSDT,0.01,-3.83,-3.34,17.29,39
RUNEUSDT,GLMRUSDT,0.01,-4.08,-3.34,3.57,39
PERPUSDT,KAVAUSDT,0.0,-4.78,-3.34,0.17,39
10000STARLUSDT,IOSTUSDT,0.0,-5.16,-3.34,0.85,39
PERPUSDT,CRVUSDT,0.02,-3.72,-3.34,0.13,39
RENUSDT,GPTUSDT,0.03,-3.56,-3.34,11.96,39
XRPUSDT,IDEXUSDT,0.03,-3.51,-3.34,16.39,39
PERPUSDT,1000BTTUSDT,0.01,-4.05,-3.34,339.75,38
TIAUSDT,INJUSDT,0.0,-4.83,-3.34,6.85,38
VGXUSDT,CELOUSDT,0.02,-3.65,-3.34,0.04,38
WOOUSDT,BONDUSDT,0.04,-3.46,-3.34,0.04,38
XRPUSDT,GLMRUSDT,0.02,-3.71,-3.34,0.37,38
10000STARLUSDT,C98USDT,0.0,-5.31,-3.34,0.01,37
TIAUSDT,ALGOUSDT,0.0,-5.09,-3.34,6.81,37
PENDLEUSDT,QTUMUSDT,0.04,-3.39,-3.34,0.07,37
10000NFTUSDT,JOEUSDT,0.02,-3.71,-3.34,0.04,37
STPTUSDT,BONDUSDT,0.03,-3.51,-3.34,0.02,37
USDCUSDT,CTKUSDT,0.04,-3.43,-3.34,0.65,37
TIAUSDT,NKNUSDT,0.0,-4.87,-3.34,113.16,37
TIAUSDT,FRONTUSDT,0.0,-4.99,-3.34,38.86,37
AKROUSDT,10000NFTUSDT,0.02,-3.67,-3.34,0.26,37
PENDLEUSDT,RENUSDT,0.03,-3.52,-3.34,0.93,37
TRXUSDT,LPTUSDT,0.04,-3.43,-3.34,0.0,37
10000STARLUSDT,ETCUSDT,0.0,-5.02,-3.34,0.0,37
SFPUSDT,QTUMUSDT,0.04,-3.38,-3.34,0.15,37
10000STARLUSDT,MASKUSDT,0.0,-5.15,-3.34,0.0,37
XEMUSDT,TRUUSDT,0.0,-4.19,-3.34,1.78,37
TUSDT,EDUUSDT,0.04,-3.43,-3.34,0.04,37
SFPUSDT,SLPUSDT,0.01,-3.83,-3.34,38.47,37
10000STARLUSDT,ATAUSDT,0.0,-4.89,-3.34,0.47,37
PERPUSDT,1000LUNCUSDT,0.0,-4.37,-3.34,2.39,37
TIAUSDT,DOGEUSDT,0.0,-4.82,-3.34,151.17,37
10000STARLUSDT,CTKUSDT,0.0,-5.31,-3.34,0.02,37
TRUUSDT,COMPUSDT,0.03,-3.54,-3.34,0.0,37
PERPUSDT,MULTIUSDT,0.0,-4.77,-3.34,0.28,37
10000STARLUSDT,GFTUSDT,0.0,-6.45,-3.34,0.59,37
TRXUSDT,BCHUSDT,0.02,-3.68,-3.34,0.0,37
PERPUSDT,1000BONKUSDT,0.0,-4.49,-3.34,629.05,37
SFPUSDT,TRUUSDT,0.0,-4.59,-3.34,20.32,36
TIAUSDT,LTCUSDT,0.0,-4.89,-3.34,0.16,36
QNTUSDT,EOSUSDT,0.02,-3.61,-3.34,30.04,36
RPLUSDT,HNTUSDT,0.03,-3.52,-3.34,1.83,36
10000STARLUSDT,LOOMUSDT,0.0,-4.97,-3.34,0.24,36
RPLUSDT,VRAUSDT,0.02,-3.63,-3.34,6718.09,36
TRXUSDT,FTMUSDT,0.03,-3.54,-3.34,0.04,36
10000STARLUSDT,APTUSDT,0.0,-6.08,-3.34,0.01,36
10000STARLUSDT,MEMEUSDT,0.0,-5.36,-3.34,1.25,36
WSMUSDT,ARPAUSDT,0.04,-3.45,-3.34,0.52,36
10000STARLUSDT,EGLDUSDT,0.0,-4.89,-3.34,0.0,36
BONDUSDT,10000NFTUSDT,0.02,-3.69,-3.34,219.4,36
PERPUSDT,CAKEUSDT,0.01,-4.07,-3.34,0.23,36
PERPUSDT,JSTUSDT,0.01,-4.02,-3.34,9.95,36
STEEMUSDT,MANAUSDT,0.03,-3.52,-3.34,0.07,36
SFPUSDT,COMBOUSDT,0.04,-3.47,-3.34,1.92,36
SKLUSDT,MAVUSDT,0.02,-3.61,-3.34,0.62,36
10000STARLUSDT,FLMUSDT,0.0,-4.96,-3.34,0.28,36
USDCUSDT,OGNUSDT,0.04,-3.39,-3.34,8.05,35
10000STARLUSDT,10000LADYSUSDT,0.0,-6.24,-3.34,70.4,35
SFPUSDT,C98USDT,0.05,-3.37,-3.34,0.47,35
10000STARLUSDT,COMBOUSDT,0.0,-5.61,-3.34,0.05,35
BLZUSDT,10000LADYSUSDT,0.01,-4.11,-3.34,193.75,35
USDCUSDT,BCHUSDT,0.02,-3.65,-3.34,0.0,35
YGGUSDT,LPTUSDT,0.01,-3.83,-3.34,0.14,35
10000STARLUSDT,EDUUSDT,0.0,-5.27,-3.34,0.04,35
TRXUSDT,ETHUSDT,0.04,-3.47,-3.34,0.0,35
10000STARLUSDT,ADAUSDT,0.0,-5.26,-3.34,0.02,35
TIAUSDT,AKROUSDT,0.0,-4.96,-3.34,2710.89,35
XVSUSDT,ENSUSDT,0.02,-3.64,-3.34,0.11,35
PERPUSDT,NKNUSDT,0.01,-3.97,-3.34,5.68,35
VGXUSDT,IOTAUSDT,0.01,-3.9,-3.34,0.14,35
TIAUSDT,DOTUSDT,0.0,-4.84,-3.34,0.34,35
XEMUSDT,IMXUSDT,0.01,-4.1,-3.34,0.03,35
SWEATUSDT,AUDIOUSDT,0.04,-3.44,-3.34,0.01,35
10000STARLUSDT,BADGERUSDT,0.0,-4.93,-3.34,0.02,35
10000STARLUSDT,LQTYUSDT,0.0,-5.41,-3.34,0.02,35
WSMUSDT,IOTXUSDT,0.04,-3.46,-3.34,0.18,34
10000STARLUSDT,LDOUSDT,0.0,-4.91,-3.34,0.02,34
PHBUSDT,SNXUSDT,0.04,-3.47,-3.34,0.11,34
UMAUSDT,1000BTTUSDT,0.04,-3.42,-3.34,854.31,34
PERPUSDT,ETHUSDT,0.0,-4.41,-3.34,0.0,34
QNTUSDT,MNTUSDT,0.03,-3.56,-3.34,285.49,34
ZRXUSDT,OMGUSDT,0.01,-3.78,-3.34,0.05,34
SFPUSDT,SKLUSDT,0.04,-3.4,-3.34,7.55,34
TRXUSDT,PAXGUSDT,0.02,-3.65,-3.34,0.0,34
RDNTUSDT,AAVEUSDT,0.01,-4.02,-3.34,0.0,34
USDCUSDT,ANTUSDT,0.02,-3.63,-3.34,0.12,34
10000LADYSUSDT,DARUSDT,0.04,-3.46,-3.34,0.0,34
STEEMUSDT,MEMEUSDT,0.03,-3.49,-3.34,8.58,34
PERPUSDT,10000NFTUSDT,0.01,-3.95,-3.34,34.17,34
SUIUSDT,BALUSDT,0.05,-3.36,-3.34,0.08,33
SNTUSDT,PEOPLEUSDT,0.04,-3.43,-3.34,0.56,33
PENDLEUSDT,COREUSDT,0.04,-3.38,-3.34,0.3,33
USDCUSDT,ETCUSDT,0.05,-3.37,-3.34,0.02,33
XEMUSDT,MAVUSDT,0.02,-3.64,-3.34,0.41,33
POWRUSDT,ONTUSDT,0.04,-3.38,-3.34,1.31,33
10000STARLUSDT,MNTUSDT,0.0,-5.06,-3.34,0.08,33
USDCUSDT,ARKMUSDT,0.04,-3.44,-3.34,2.47,33
PERPUSDT,BCHUSDT,0.01,-4.05,-3.34,0.0,33
TRXUSDT,BELUSDT,0.01,-3.77,-3.34,0.12,33
TIAUSDT,AGIXUSDT,0.0,-4.88,-3.34,29.61,33
VGXUSDT,HIGHUSDT,0.02,-3.74,-3.34,0.05,33
RIFUSDT,ARBUSDT,0.02,-3.72,-3.34,0.1,33
10000LADYSUSDT,ICPUSDT,0.04,-3.41,-3.34,0.0,33
TIAUSDT,FORTHUSDT,0.0,-4.86,-3.34,4.62,33
10000STARLUSDT,ARBUSDT,0.0,-4.91,-3.34,0.03,33
PERPUSDT,COTIUSDT,0.01,-3.9,-3.34,1.89,33
TRXUSDT,FORTHUSDT,0.05,-3.35,-3.34,0.03,33
TIAUSDT,CRVUSDT,0.0,-4.93,-3.34,2.84,33
USDCUSDT,ONEUSDT,0.04,-3.44,-3.34,3.69,33
SFPUSDT,BALUSDT,0.03,-3.51,-3.34,0.13,33
RDNTUSDT,ARPAUSDT,0.01,-3.87,-3.34,7.12,33
USDCUSDT,POWRUSDT,0.02,-3.73,-3.34,2.71,33
1000FLOKIUSDT,10000LADYSUSDT,0.01,-4.04,-3.34,68.96,33
10000LADYSUSDT,PEOPLEUSDT,0.0,-4.11,-3.34,0.01,33
10000STARLUSDT,ENSUSDT,0.0,-5.18,-3.34,0.0,33
PERPUSDT,APEUSDT,0.0,-4.34,-3.34,0.05,32
THETAUSDT,LINKUSDT,0.0,-4.37,-3.34,0.52,32
WSMUSDT,MTLUSDT,0.02,-3.68,-3.34,0.01,32
PERPUSDT,KSMUSDT,0.01,-3.93,-3.34,0.0,32
SWEATUSDT,1INCHUSDT,0.02,-3.63,-3.34,0.01,32
10000STARLUSDT,MKRUSDT,0.0,-4.88,-3.34,0.0,32
POWRUSDT,BNTUSDT,0.05,-3.36,-3.34,0.72,32
ALGOUSDT,10000NFTUSDT,0.0,-4.14,-3.34,98.75,32
POWRUSDT,BTCUSDT,0.01,-4.03,-3.34,0.0,32
TIAUSDT,NTRNUSDT,0.0,-4.86,-3.34,18.37,32
RPLUSDT,USDCUSDT,0.0,-4.17,-3.34,45.24,32
STRAXUSDT,LTCUSDT,0.02,-3.73,-3.34,0.01,32
SFPUSDT,ADAUSDT,0.01,-3.89,-3.34,0.82,31
10000STARLUSDT,DODOUSDT,0.0,-7.43,-3.34,0.18,31
10000STARLUSDT,CAKEUSDT,0.0,-5.13,-3.34,0.01,31
XMRUSDT,ARUSDT,0.01,-3.97,-3.34,4.25,31
TRUUSDT,BALUSDT,0.04,-3.44,-3.34,0.01,31
QTUMUSDT,IDEXUSDT,0.01,-4.03,-3.34,156.48,31
TRXUSDT,ANKRUSDT,0.04,-3.38,-3.34,0.9,31
TIAUSDT,BONDUSDT,0.0,-4.83,-3.34,3.15,31
PERPUSDT,AUDIOUSDT,0.0,-4.36,-3.34,0.4,31
PERPUSDT,DYDXUSDT,0.0,-4.11,-3.34,0.04,31
10000STARLUSDT,BCHUSDT,0.0,-5.38,-3.34,0.0,31
ORDIUSDT,LINAUSDT,0.02,-3.63,-3.34,599.51,31
10000STARLUSDT,CYBERUSDT,0.0,-5.05,-3.34,0.01,31
TIAUSDT,GMXUSDT,0.0,-4.82,-3.34,0.29,31
TIAUSDT,DASHUSDT,0.0,-4.86,-3.34,0.07,31
UMAUSDT,MATICUSDT,0.03,-3.57,-3.34,0.76,31
SFPUSDT,PENDLEUSDT,0.01,-3.99,-3.34,2.02,31
10000STARLUSDT,CRVUSDT,0.0,-4.98,-3.34,0.01,31
SNTUSDT,10000LADYSUSDT,0.01,-3.77,-3.34,79.81,31
WSMUSDT,1000BONKUSDT,0.03,-3.53,-3.34,24.33,31
10000STARLUSDT,OMGUSDT,0.0,-5.05,-3.34,0.0,31
TIAUSDT,OGNUSDT,0.0,-4.97,-3.34,104.99,31
STPTUSDT,APEUSDT,0.04,-3.38,-3.34,0.01,31
PERPUSDT,IMXUSDT,0.0,-4.11,-3.34,0.13,31
TWTUSDT,THETAUSDT,0.03,-3.48,-3.34,0.27,31
XVSUSDT,KNCUSDT,0.01,-4.09,-3.34,2.35,31
STRAXUSDT,MAVUSDT,0.0,-4.15,-3.34,3.0,31
10000STARLUSDT,1INCHUSDT,0.0,-5.38,-3.34,0.02,31
SXPUSDT,10000LADYSUSDT,0.0,-4.14,-3.34,3252.94,31
10000STARLUSDT,API3USDT,0.0,-5.38,-3.34,0.01,31
TRXUSDT,ENSUSDT,0.04,-3.44,-3.34,0.0,31
POWRUSDT,DOGEUSDT,0.05,-3.34,-3.34,4.03,31
PROMUSDT,ANKRUSDT,0.02,-3.64,-3.34,38.86,31
STPTUSDT,JASMYUSDT,0.04,-3.4,-3.34,1.73,31
STRAXUSDT,API3USDT,0.01,-3.88,-3.34,0.19,31
PERPUSDT,DASHUSDT,0.01,-3.99,-3.34,0.0,30
10000STARLUSDT,ANTUSDT,0.0,-4.97,-3.34,0.0,30
10000STARLUSDT,DASHUSDT,0.0,-4.89,-3.34,0.0,30
PROMUSDT,ETCUSDT,0.01,-3.81,-3.34,0.07,30
IMXUSDT,10000LADYSUSDT,0.04,-3.42,-3.34,9143.56,30
10000LADYSUSDT,LINAUSDT,0.01,-4.03,-3.34,0.03,30
10000STARLUSDT,IDUSDT,0.0,-4.94,-3.34,0.07,30
TIAUSDT,NMRUSDT,0.0,-4.81,-3.34,0.95,30
STPTUSDT,GLMUSDT,0.05,-3.36,-3.34,0.35,30
YFIIUSDT,POWRUSDT,0.01,-3.78,-3.34,1319.08,30
10000LADYSUSDT,LUNA2USDT,0.04,-3.44,-3.34,0.0,30
STPTUSDT,GMTUSDT,0.02,-3.69,-3.34,0.03,30
PERPUSDT,MDTUSDT,0.0,-4.22,-3.34,13.52,30
RUNEUSDT,ALPHAUSDT,0.0,-4.3,-3.34,32.98,29
RIFUSDT,KLAYUSDT,0.0,-4.35,-3.34,0.1,29
TIAUSDT,ARPAUSDT,0.0,-4.82,-3.34,274.07,29
SFPUSDT,GPTUSDT,0.0,-4.17,-3.34,23.69,29
SFPUSDT,ZECUSDT,0.01,-3.82,-3.34,0.01,29
SFPUSDT,COMPUSDT,0.02,-3.74,-3.34,0.0,29
XEMUSDT,LITUSDT,0.04,-3.41,-3.34,0.05,29
YGGUSDT,POLYXUSDT,0.04,-3.41,-3.34,24.51,29
RUNEUSDT,FLOWUSDT,0.03,-3.5,-3.34,0.89,29
SFPUSDT,CEEKUSDT,0.01,-3.82,-3.34,7.22,29
TIAUSDT,AUCTIONUSDT,0.0,-4.82,-3.34,2.41,29
SFPUSDT,IOSTUSDT,0.01,-3.78,-3.34,32.38,29
RIFUSDT,KSMUSDT,0.02,-3.6,-3.34,0.0,29
TIAUSDT,BCHUSDT,0.0,-4.83,-3.34,0.03,29
THETAUSDT,ALPHAUSDT,0.03,-3.57,-3.34,21.01,29
TRXUSDT,RDNTUSDT,0.01,-3.82,-3.34,0.29,29
TIAUSDT,BLURUSDT,0.0,-4.82,-3.34,17.61,29
10000STARLUSDT,OGNUSDT,0.0,-5.71,-3.34,0.3,29
PERPUSDT,AMBUSDT,0.04,-3.42,-3.34,85.12,29
STRAXUSDT,KNCUSDT,0.01,-4.06,-3.34,0.41,29
USDCUSDT,BELUSDT,0.03,-3.54,-3.34,1.23,29
10000STARLUSDT,BANDUSDT,0.0,-4.85,-3.34,0.01,29
STGUSDT,COREUSDT,0.03,-3.55,-3.34,0.24,29
10000STARLUSDT,COTIUSDT,0.0,-4.99,-3.34,0.11,29
TIAUSDT,NEOUSDT,0.0,-4.87,-3.34,0.57,29
TOMIUSDT,10000LADYSUSDT,0.04,-3.45,-3.34,3918.58,29
SUIUSDT,ACHUSDT,0.0,-4.39,-3.34,38.38,29
10000STARLUSDT,HBARUSDT,0.0,-5.2,-3.34,0.11,29
STEEMUSDT,BLZUSDT,0.03,-3.47,-3.34,2.37,29
VGXUSDT,10000LADYSUSDT,0.01,-3.94,-3.34,241.56,29
TIAUSDT,MTLUSDT,0.0,-4.84,-3.34,7.15,29
PROMUSDT,EOSUSDT,0.0,-4.55,-3.34,0.92,29
USDCUSDT,CROUSDT,0.0,-4.18,-3.34,1.79,29
USDCUSDT,1000BTTUSDT,0.03,-3.56,-3.34,543.72,29
UNIUSDT,MASKUSDT,0.03,-3.48,-3.34,1.57,29
UMAUSDT,FRONTUSDT,0.04,-3.41,-3.34,4.61,29
SLPUSDT,MAVUSDT,0.02,-3.69,-3.34,0.12,29
10000STARLUSDT,AGLDUSDT,0.0,-6.19,-3.34,0.06,29
STRAXUSDT,ETHUSDT,0.04,-3.41,-3.34,0.0,29
RDNTUSDT,ETHUSDT,0.01,-3.83,-3.34,0.0,29
PERPUSDT,ARBUSDT,0.02,-3.62,-3.34,0.49,29
UMAUSDT,INJUSDT,0.05,-3.35,-3.34,0.82,29
STRAXUSDT,BCHUSDT,0.01,-3.78,-3.34,0.0,29
10000STARLUSDT,MTLUSDT,0.0,-5.74,-3.34,0.02,29
RUNEUSDT,BSVUSDT,0.03,-3.57,-3.34,0.09,28
TIAUSDT,AXSUSDT,0.0,-4.87,-3.34,0.13,28
10000STARLUSDT,FLOWUSDT,0.0,-5.46,-3.34,0.0,28
10000STARLUSDT,JOEUSDT,0.0,-5.42,-3.34,0.08,28
POWRUSDT,BADGERUSDT,0.0,-4.23,-3.34,0.16,28
PENDLEUSDT,RUNEUSDT,0.01,-3.8,-3.34,0.07,28
1000PEPEUSDT,10000NFTUSDT,0.01,-3.79,-3.34,0.08,28
PERPUSDT,FLMUSDT,0.0,-4.15,-3.34,4.72,28
USDCUSDT,INJUSDT,0.01,-4.0,-3.34,0.53,28
USDCUSDT,BATUSDT,0.01,-3.79,-3.34,0.87,28
PERPUSDT,BATUSDT,0.01,-3.99,-3.34,0.54,28
STEEMUSDT,BLURUSDT,0.02,-3.62,-3.34,0.34,28
XVSUSDT,POWRUSDT,0.03,-3.54,-3.34,15.54,28
THETAUSDT,JOEUSDT,0.02,-3.67,-3.34,13.89,28
STEEMUSDT,ALICEUSDT,0.05,-3.35,-3.34,0.02,28
USDCUSDT,GMXUSDT,0.01,-4.04,-3.34,0.02,28
WAVESUSDT,1000PEPEUSDT,0.01,-3.83,-3.34,10689.48,28
PERPUSDT,ILVUSDT,0.0,-4.58,-3.34,0.0,28
TIAUSDT,1000FLOKIUSDT,0.0,-4.82,-3.34,340.39,27
STRAXUSDT,ETHWUSDT,0.0,-4.31,-3.34,0.13,27
10000STARLUSDT,LRCUSDT,0.0,-5.2,-3.34,0.02,27
TIAUSDT,CHZUSDT,0.0,-4.89,-3.34,30.91,27
TIAUSDT,1000XECUSDT,0.0,-4.82,-3.34,202.24,27
STRAXUSDT,IMXUSDT,0.01,-3.86,-3.34,0.18,27
10000STARLUSDT,ACHUSDT,0.0,-6.01,-3.34,1.6,27
TIAUSDT,LINKUSDT,0.0,-4.86,-3.34,1.04,27
SWEATUSDT,MAVUSDT,0.03,-3.49,-3.34,0.04,27
XEMUSDT,DYDXUSDT,0.03,-3.56,-3.34,0.01,27
TIAUSDT,BTCUSDT,0.0,-4.84,-3.34,0.0,27
TIAUSDT,BELUSDT,0.0,-4.82,-3.34,15.8,27
STRAXUSDT,AUDIOUSDT,0.02,-3.63,-3.34,0.59,27
SUIUSDT,MINAUSDT,0.03,-3.56,-3.34,0.53,27
SFPUSDT,1INCHUSDT,0.03,-3.52,-3.34,0.65,27
RUNEUSDT,MDTUSDT,0.05,-3.34,-3.34,204.21,27
STPTUSDT,TOKENUSDT,0.03,-3.57,-3.34,1.92,27
SWEATUSDT,10000LADYSUSDT,0.01,-3.97,-3.34,24.53,27
TIAUSDT,ARUSDT,0.0,-4.81,-3.34,0.29,27
POWRUSDT,BELUSDT,0.02,-3.72,-3.34,0.4,27
USDCUSDT,GPTUSDT,0.0,-4.15,-3.34,14.55,27
WSMUSDT,COREUSDT,0.04,-3.41,-3.34,0.01,27
VGXUSDT,ORDIUSDT,0.02,-3.66,-3.34,0.02,27
POWRUSDT,AXSUSDT,0.02,-3.65,-3.34,0.0,27
USDCUSDT,QTUMUSDT,0.0,-4.18,-3.34,0.1,27
USDCUSDT,PHBUSDT,0.05,-3.37,-3.34,1.42,27
XMRUSDT,SUIUSDT,0.04,-3.4,-3.34,203.45,27
TRXUSDT,ETHWUSDT,0.03,-3.57,-3.34,0.01,27
POWRUSDT,IOTAUSDT,0.02,-3.76,-3.34,0.33,27
WAVESUSDT,GMXUSDT,0.0,-4.4,-3.34,0.39,27
POWRUSDT,PHBUSDT,0.02,-3.68,-3.34,0.46,27
UMAUSDT,SSVUSDT,0.04,-3.44,-3.34,0.05,27
ZRXUSDT,HBARUSDT,0.02,-3.62,-3.34,1.75,27
PERPUSDT,BADGERUSDT,0.01,-3.97,-3.34,0.29,27
USDCUSDT,ANKRUSDT,0.0,-4.31,-3.34,9.43,27
XLMUSDT,MKRUSDT,0.01,-4.05,-3.34,0.0,27
USDCUSDT,AAVEUSDT,0.01,-3.97,-3.34,0.0,27
TRXUSDT,ORDIUSDT,0.01,-3.81,-3.34,0.01,27
USDCUSDT,10000STARLUSDT,0.05,-3.34,-3.34,25.03,27
RPLUSDT,THETAUSDT,0.04,-3.39,-3.34,6.72,27
WAXPUSDT,MULTIUSDT,0.0,-4.17,-3.34,0.03,27
PERPUSDT,JASMYUSDT,0.0,-5.0,-3.34,17.48,27
PERPUSDT,CYBERUSDT,0.02,-3.7,-3.34,0.11,27
WAVESUSDT,LINAUSDT,0.0,-4.32,-3.34,1046.47,27
PERPUSDT,HOOKUSDT,0.01,-4.08,-3.34,0.29,27
10000LADYSUSDT,DODOUSDT,0.02,-3.6,-3.34,0.0,27
SFPUSDT,GLMRUSDT,0.04,-3.46,-3.34,0.53,26
USDCUSDT,EGLDUSDT,0.04,-3.47,-3.34,0.0,26
10000STARLUSDT,ILVUSDT,0.0,-4.97,-3.34,0.0,26
PERPUSDT,GMTUSDT,0.0,-5.06,-3.34,0.25,26
STEEMUSDT,POLYXUSDT,0.05,-3.38,-3.34,1.18,26
STPTUSDT,DENTUSDT,0.03,-3.47,-3.34,22.44,26
10000STARLUSDT,FTMUSDT,0.0,-5.76,-3.34,0.02,26
TRBUSDT,GMXUSDT,0.04,-3.46,-3.34,0.54,26
TOMIUSDT,SNXUSDT,0.05,-3.35,-3.34,0.34,26
PERPUSDT,ANKRUSDT,0.01,-4.0,-3.34,5.93,26
PERPUSDT,GMXUSDT,0.01,-3.92,-3.34,0.01,26
PERPUSDT,AAVEUSDT,0.01,-4.0,-3.34,0.0,26
10000STARLUSDT,MANAUSDT,0.0,-4.95,-3.34,0.01,26
10000STARLUSDT,LEVERUSDT,0.0,-4.89,-3.34,29.45,26
10000STARLUSDT,ALPHAUSDT,0.0,-5.77,-3.34,0.12,25
USDCUSDT,AUDIOUSDT,0.02,-3.76,-3.34,0.63,25
TIAUSDT,CKBUSDT,0.0,-4.89,-3.34,1091.5,25
10000STARLUSDT,AVAXUSDT,0.0,-5.04,-3.34,0.0,25
TIAUSDT,ATAUSDT,0.0,-5.21,-3.34,158.88,25
WAXPUSDT,DYDXUSDT,0.05,-3.35,-3.34,0.0,25
TIAUSDT,CFXUSDT,0.0,-4.89,-3.34,37.12,25
VGXUSDT,GFTUSDT,0.03,-3.56,-3.34,2.0,25
10000STARLUSDT,KDAUSDT,0.0,-5.12,-3.34,0.01,25
OPUSDT,WAVESUSDT,0.05,-3.37,-3.34,0.05,25
TIAUSDT,LDOUSDT,0.0,-4.82,-3.34,6.18,25
TIAUSDT,1000BTTUSDT,0.0,-4.89,-3.34,6719.18,25
PERPUSDT,BTCUSDT,0.0,-4.31,-3.34,0.0,25
10000STARLUSDT,OGUSDT,0.0,-4.96,-3.34,0.01,25
STPTUSDT,STORJUSDT,0.02,-3.72,-3.34,0.04,25
10000STARLUSDT,CEEKUSDT,0.0,-5.54,-3.34,0.19,25
10000LADYSUSDT,POLYXUSDT,0.0,-4.65,-3.34,0.0,25
USDCUSDT,IMXUSDT,0.0,-4.34,-3.34,0.2,25
TIAUSDT,10000STARLUSDT,0.0,-4.82,-3.34,319.22,25
WAVESUSDT,DODOUSDT,0.0,-4.48,-3.34,67.75,25
TIAUSDT,HNTUSDT,0.0,-4.82,-3.34,0.52,25
RUNEUSDT,COMPUSDT,0.01,-4.08,-3.34,0.02,25
TIAUSDT,10000LADYSUSDT,0.0,-4.86,-3.34,21291.61,25
SLPUSDT,DYDXUSDT,0.01,-3.89,-3.34,0.0,25
SFPUSDT,CROUSDT,0.02,-3.67,-3.34,2.58,25
PROMUSDT,LRCUSDT,0.03,-3.5,-3.34,1.79,25
TRXUSDT,KEYUSDT,0.05,-3.34,-3.34,15.67,25
TRXUSDT,IOTAUSDT,0.02,-3.73,-3.34,0.1,25
RPLUSDT,GRTUSDT,0.04,-3.46,-3.34,78.47,25
10000STARLUSDT,DOGEUSDT,0.0,-4.95,-3.34,0.45,25
RENUSDT,FXSUSDT,0.03,-3.55,-3.34,0.03,25
PERPUSDT,KEYUSDT,0.0,-4.19,-3.34,103.89,24
TIAUSDT,FLMUSDT,0.0,-4.82,-3.34,93.59,24
USDCUSDT,NMRUSDT,0.03,-3.57,-3.34,0.07,24
THETAUSDT,BTCUSDT,0.04,-3.43,-3.34,0.0,24
UMAUSDT,OCEANUSDT,0.05,-3.36,-3.34,3.15,24
PERPUSDT,GALAUSDT,0.0,-4.56,-3.34,1.32,24
STORJUSDT,USDCUSDT,0.03,-3.57,-3.34,1.72,24
10000STARLUSDT,FLRUSDT,0.0,-4.92,-3.34,1.21,24
WAVESUSDT,AXSUSDT,0.01,-4.11,-3.34,0.19,24
PERPUSDT,CELOUSDT,0.01,-4.08,-3.34,0.18,24
WAVESUSDT,BIGTIMEUSDT,0.01,-4.05,-3.34,27.95,24
PERPUSDT,ENJUSDT,0.0,-4.28,-3.34,0.21,24
TRBUSDT,KNCUSDT,0.0,-4.21,-3.34,10.41,24
PERPUSDT,MKRUSDT,0.01,-4.0,-3.34,0.0,24
TRXUSDT,HOOKUSDT,0.03,-3.57,-3.34,0.04,23
XTZUSDT,ONEUSDT,0.02,-3.64,-3.34,7.94,23
STRAXUSDT,ENSUSDT,0.02,-3.64,-3.34,0.02,23
TIAUSDT,ILVUSDT,0.0,-4.82,-3.34,0.01,23
THETAUSDT,CEEKUSDT,0.05,-3.37,-3.34,33.02,23
USDCUSDT,LRCUSDT,0.01,-4.07,-3.34,0.44,23
THETAUSDT,CTSIUSDT,0.03,-3.52,-3.34,20.84,23
10000STARLUSDT,BAKEUSDT,0.0,-6.11,-3.34,0.06,23
PHBUSDT,WAXPUSDT,0.01,-3.84,-3.34,10.64,23
TRXUSDT,BTCUSDT,0.03,-3.53,-3.34,0.0,23
WAVESUSDT,10000LADYSUSDT,0.0,-4.16,-3.34,27748.36,23
XEMUSDT,1000BONKUSDT,0.04,-3.4,-3.34,128.27,23
WAVESUSDT,ARPAUSDT,0.0,-4.91,-3.34,342.41,23
AKROUSDT,10000LADYSUSDT,0.01,-3.82,-3.34,8.49,23
TIAUSDT,MKRUSDT,0.0,-4.83,-3.34,0.01,23
PERPUSDT,API3USDT,0.01,-3.84,-3.34,0.13,23
TRXUSDT,IDEXUSDT,0.04,-3.41,-3.34,1.56,23
TOMIUSDT,MATICUSDT,0.03,-3.48,-3.34,1.03,23
TIAUSDT,BNTUSDT,0.0,-4.82,-3.34,26.97,23
XRPUSDT,RDNTUSDT,0.0,-4.65,-3.34,3.06,23
POWRUSDT,AVAXUSDT,0.0,-4.63,-3.34,0.0,23
PERPUSDT,AGLDUSDT,0.0,-4.43,-3.34,0.97,23
10000STARLUSDT,COREUSDT,0.0,-5.8,-3.34,0.02,23
STGUSDT,GFTUSDT,0.04,-3.4,-3.34,8.73,23
TIAUSDT,BATUSDT,0.0,-4.93,-3.34,11.52,23
USDCUSDT,BLURUSDT,0.02,-3.75,-3.34,1.39,23
ZECUSDT,COREUSDT,0.04,-3.43,-3.34,67.59,23
WAVESUSDT,DARUSDT,0.0,-4.35,-3.34,25.85,23
TRXUSDT,NKNUSDT,0.05,-3.36,-3.34,0.86,23
WSMUSDT,GFTUSDT,0.0,-4.3,-3.34,0.37,23
TIAUSDT,COTIUSDT,0.0,-5.01,-3.34,36.57,23
PERPUSDT,EOSUSDT,0.01,-3.89,-3.34,0.14,23
SFPUSDT,FXSUSDT,0.01,-3.96,-3.34,0.07,23
WSMUSDT,AGLDUSDT,0.02,-3.7,-3.34,0.04,23
USDCUSDT,IDEXUSDT,0.01,-3.94,-3.34,16.35,23
PERPUSDT,CTSIUSDT,0.01,-3.96,-3.34,1.95,22
10000STARLUSDT,1000BTTUSDT,0.0,-4.92,-3.34,20.32,22
10000STARLUSDT,BIGTIMEUSDT,0.0,-5.0,-3.34,0.05,22
RIFUSDT,EGLDUSDT,0.02,-3.6,-3.34,0.0,22
STRAXUSDT,POWRUSDT,0.01,-4.07,-3.34,2.74,22
PERPUSDT,HFTUSDT,0.01,-3.87,-3.34,1.08,22
WAVESUSDT,OCEANUSDT,0.02,-3.61,-3.34,30.45,22
MAGICUSDT,10000LADYSUSDT,0.0,-6.31,-3.34,5538.27,22
TRXUSDT,GALAUSDT,0.01,-3.86,-3.34,0.21,22
RPLUSDT,FLRUSDT,0.04,-3.43,-3.34,1445.81,22
SOLUSDT,AUCTIONUSDT,0.0,-4.22,-3.34,36.97,22
GMXUSDT,10000NFTUSDT,0.01,-4.1,-3.34,2295.43,22
WAVESUSDT,MATICUSDT,0.0,-4.69,-3.34,8.77,22
XTZUSDT,JSTUSDT,0.02,-3.72,-3.34,35.0,22
10000STARLUSDT,FXSUSDT,0.0,-5.53,-3.34,0.0,21
PERPUSDT,FETUSDT,0.0,-4.4,-3.34,1.59,21
WAVESUSDT,MTLUSDT,0.03,-3.51,-3.34,8.67,21
TIAUSDT,BIGTIMEUSDT,0.0,-4.84,-3.34,18.6,21
USDCUSDT,BTCUSDT,0.01,-3.82,-3.34,0.0,21
GMXUSDT,10000LADYSUSDT,0.01,-3.83,-3.34,75135.61,21
WAXPUSDT,1000BONKUSDT,0.01,-3.89,-3.34,59.26,21
POWRUSDT,PROMUSDT,0.0,-4.43,-3.34,0.08,21
PERPUSDT,ETHWUSDT,0.01,-3.8,-3.34,0.09,21
STRAXUSDT,HIGHUSDT,0.02,-3.65,-3.34,0.36,21
TIAUSDT,APTUSDT,0.0,-4.82,-3.34,2.2,21
PROMUSDT,MNTUSDT,0.01,-4.02,-3.34,8.7,21
XEMUSDT,QTUMUSDT,0.0,-5.51,-3.34,0.01,21
TRXUSDT,CKBUSDT,0.03,-3.52,-3.34,8.33,21
PROMUSDT,LPTUSDT,0.04,-3.44,-3.34,0.1,21
10000STARLUSDT,MINAUSDT,0.0,-5.98,-3.34,0.02,21
USDCUSDT,CELRUSDT,0.0,-4.4,-3.34,9.41,21
STRAXUSDT,GRTUSDT,0.02,-3.68,-3.34,1.67,21
YGGUSDT,IDEXUSDT,0.01,-3.99,-3.34,86.16,21
RENUSDT,COMPUSDT,0.02,-3.73,-3.34,0.0,21
STRAXUSDT,ACHUSDT,0.0,-4.24,-3.34,37.31,21
ZRXUSDT,COMPUSDT,0.0,-4.26,-3.34,0.0,21
10000STARLUSDT,LOOKSUSDT,0.0,-6.27,-3.34,0.01,21
UMAUSDT,AVAXUSDT,0.02,-3.6,-3.34,0.02,21
TIAUSDT,KLAYUSDT,0.0,-4.92,-3.34,9.86,21
STPTUSDT,ROSEUSDT,0.01,-3.84,-3.34,0.2,21
POWRUSDT,ENSUSDT,0.0,-4.45,-3.34,0.01,21
OXTUSDT,PROMUSDT,0.0,-5.25,-3.34,0.02,21
RENUSDT,FLOWUSDT,0.03,-3.51,-3.34,0.07,21
USDCUSDT,NEARUSDT,0.04,-3.4,-3.34,0.1,21
ARKUSDT,10000LADYSUSDT,0.0,-4.33,-3.34,767.01,21
USDCUSDT,DYDXUSDT,0.0,-4.35,-3.34,0.06,21
WAVESUSDT,ICXUSDT,0.0,-4.13,-3.34,27.69,21
USDCUSDT,DASHUSDT,0.02,-3.64,-3.34,0.01,21
PERPUSDT,IOTXUSDT,0.01,-3.96,-3.34,4.57,21
10000STARLUSDT,DGBUSDT,0.0,-5.79,-3.34,1.77,21
WAVESUSDT,BCHUSDT,0.0,-4.19,-3.34,0.04,20
WAVESUSDT,LINKUSDT,0.0,-5.13,-3.34,1.33,20
THETAUSDT,FTMUSDT,0.03,-3.5,-3.34,2.84,20
USDCUSDT,10000NFTUSDT,0.04,-3.47,-3.34,54.21,20
PERPUSDT,ALICEUSDT,0.0,-4.22,-3.34,0.04,20
PERPUSDT,BSVUSDT,0.01,-4.02,-3.34,0.01,20
USDCUSDT,JSTUSDT,0.02,-3.75,-3.34,16.0,20
10000STARLUSDT,OCEANUSDT,0.0,-4.91,-3.34,0.07,20
XMRUSDT,VRAUSDT,0.04,-3.45,-3.34,25978.25,20
USDCUSDT,KSMUSDT,0.04,-3.44,-3.34,0.0,20
PERPUSDT,ASTRUSDT,0.0,-4.11,-3.34,3.82,20
USDCUSDT,APEUSDT,0.05,-3.35,-3.34,0.08,20
POWRUSDT,LDOUSDT,0.03,-3.59,-3.34,0.16,20
POWRUSDT,CAKEUSDT,0.03,-3.54,-3.34,0.13,20
TIAUSDT,1000PEPEUSDT,0.0,-4.82,-3.34,8034.52,19
USDCUSDT,FILUSDT,0.02,-3.76,-3.34,0.01,19
POWRUSDT,HNTUSDT,0.03,-3.53,-3.34,0.01,19
10000STARLUSDT,1000XECUSDT,0.0,-6.07,-3.34,0.62,19
ALGOUSDT,10000LADYSUSDT,0.01,-4.04,-3.34,3281.16,19
SNTUSDT,AUDIOUSDT,0.05,-3.36,-3.34,0.03,19
STRAXUSDT,1000BONKUSDT,0.03,-3.59,-3.34,902.77,19
POWRUSDT,GFTUSDT,0.02,-3.67,-3.34,4.65,19
RNDRUSDT,QNTUSDT,0.03,-3.59,-3.34,0.03,19
USDCUSDT,ETHWUSDT,0.04,-3.44,-3.34,0.14,19
BONDUSDT,10000LADYSUSDT,0.01,-3.85,-3.34,7105.72,19
TIAUSDT,OCEANUSDT,0.0,-4.92,-3.34,24.19,19
USDCUSDT,IOTAUSDT,0.04,-3.42,-3.34,1.04,19
POWRUSDT,LTCUSDT,0.01,-3.96,-3.34,0.0,19
10000STARLUSDT,FILUSDT,0.0,-4.94,-3.34,0.0,19
QTUMUSDT,APTUSDT,0.04,-3.39,-3.34,1.72,19
10000STARLUSDT,DARUSDT,0.0,-6.88,-3.34,0.07,19
PERPUSDT,BAKEUSDT,0.01,-4.03,-3.34,0.94,19
POWRUSDT,QTUMUSDT,0.01,-3.98,-3.34,0.03,19
10000STARLUSDT,KNCUSDT,0.0,-5.29,-3.34,0.01,19
10000STARLUSDT,ASTRUSDT,0.0,-5.7,-3.34,0.24,19
10000STARLUSDT,GLMRUSDT,0.0,-5.49,-3.34,0.01,19
10000STARLUSDT,CVXUSDT,0.0,-5.99,-3.34,0.0,19
XVSUSDT,COMPUSDT,0.05,-3.38,-3.34,0.01,19
PROMUSDT,FILUSDT,0.0,-4.53,-3.34,0.06,19
10000STARLUSDT,GRTUSDT,0.0,-5.21,-3.34,0.07,19
10000STARLUSDT,LINAUSDT,0.0,-7.85,-3.34,2.7,19
TRXUSDT,PEOPLEUSDT,0.04,-3.39,-3.34,1.21,19
WAVESUSDT,ATAUSDT,0.0,-4.81,-3.34,212.86,19
PERPUSDT,10000LADYSUSDT,0.0,-4.83,-3.34,1161.82,19
TRXUSDT,PHBUSDT,0.01,-4.03,-3.34,0.14,19
WSMUSDT,DODOUSDT,0.01,-3.88,-3.34,0.11,19
PERPUSDT,NEARUSDT,0.01,-4.06,-3.34,0.06,19
POWRUSDT,AAVEUSDT,0.01,-4.08,-3.34,0.0,19
TIAUSDT,ENJUSDT,0.0,-4.81,-3.34,4.33,19
TRXUSDT,POLYXUSDT,0.02,-3.76,-3.34,0.45,19
10000LADYSUSDT,MULTIUSDT,0.01,-4.09,-3.34,0.0,19
WAVESUSDT,BELUSDT,0.02,-3.72,-3.34,19.73,19
STRAXUSDT,LRCUSDT,0.0,-4.34,-3.34,0.4,19
PERPUSDT,ACHUSDT,0.0,-4.37,-3.34,26.04,19
PERPUSDT,LRCUSDT,0.01,-3.93,-3.34,0.28,19
STRAXUSDT,IOSTUSDT,0.0,-4.44,-3.34,21.16,19
PERPUSDT,HOTUSDT,0.0,-4.24,-3.34,145.66,19
TIAUSDT,MEMEUSDT,0.0,-5.07,-3.34,458.02,19
TIAUSDT,GFTUSDT,0.0,-4.85,-3.34,182.69,19
XLMUSDT,BANDUSDT,0.05,-3.38,-3.34,0.09,19
WSMUSDT,LINAUSDT,0.01,-3.82,-3.34,1.7,19
PERPUSDT,CTKUSDT,0.01,-4.1,-3.34,0.41,19
TIAUSDT,KASUSDT,0.0,-4.82,-3.34,287.04,19
USDCUSDT,LTCUSDT,0.0,-4.31,-3.34,0.01,19
USDCUSDT,PENDLEUSDT,0.0,-4.56,-3.34,1.42,19
PERPUSDT,IOTAUSDT,0.0,-4.36,-3.34,0.66,19
PENDLEUSDT,DGBUSDT,0.03,-3.54,-3.34,32.79,19
10000LADYSUSDT,PAXGUSDT,0.0,-4.26,-3.34,0.0,19
STRAXUSDT,HFTUSDT,0.01,-3.98,-3.34,1.64,19
USDCUSDT,QNTUSDT,0.02,-3.64,-3.34,0.01,18
WAVESUSDT,CFXUSDT,0.0,-4.38,-3.34,49.73,18
10000STARLUSDT,GALAUSDT,0.0,-5.74,-3.34,0.08,18
WSMUSDT,IOTAUSDT,0.04,-3.43,-3.34,0.03,18
TIAUSDT,NEARUSDT,0.0,-4.82,-3.34,1.23,18
10000STARLUSDT,GMTUSDT,0.0,-5.31,-3.34,0.01,18
PERPUSDT,DENTUSDT,0.0,-4.92,-3.34,220.05,18
PERPUSDT,DUSKUSDT,0.01,-3.87,-3.34,0.94,18
PERPUSDT,EGLDUSDT,0.0,-4.11,-3.34,0.0,18
STEEMUSDT,GASUSDT,0.0,-5.21,-3.34,0.03,18
STEEMUSDT,YFIUSDT,0.03,-3.59,-3.34,0.0,18
PERPUSDT,FTMUSDT,0.0,-4.53,-3.34,0.27,18
PERPUSDT,ADAUSDT,0.01,-3.94,-3.34,0.36,18
OXTUSDT,TRBUSDT,0.02,-3.66,-3.34,0.0,18
RDNTUSDT,1000XECUSDT,0.03,-3.53,-3.34,5.32,17
POWRUSDT,ACHUSDT,0.01,-4.0,-3.34,12.39,17
PERPUSDT,MTLUSDT,0.0,-4.51,-3.34,0.34,17
TUSDT,POWRUSDT,0.02,-3.67,-3.34,0.09,17
PERPUSDT,ALPHAUSDT,0.01,-4.08,-3.34,1.99,17
10000STARLUSDT,CTSIUSDT,0.0,-5.36,-3.34,0.12,17
SWEATUSDT,OGUSDT,0.0,-4.43,-3.34,0.0,17
POWRUSDT,1000BONKUSDT,0.04,-3.43,-3.34,303.99,17
10000STARLUSDT,BALUSDT,0.0,-5.74,-3.34,0.0,17
TIAUSDT,HIFIUSDT,0.0,-4.88,-3.34,14.76,17
USDCUSDT,API3USDT,0.01,-3.97,-3.34,0.21,17
TIAUSDT,ICPUSDT,0.0,-4.95,-3.34,0.26,17
XRPUSDT,CVXUSDT,0.01,-3.79,-3.34,0.07,17
USDCUSDT,BSVUSDT,0.0,-4.22,-3.34,0.01,17
POWRUSDT,COREUSDT,0.01,-3.89,-3.34,0.13,17
STRAXUSDT,FXSUSDT,0.0,-4.14,-3.34,0.04,17
TIAUSDT,DODOUSDT,0.0,-4.82,-3.34,55.23,17
USDCUSDT,COMBOUSDT,0.02,-3.63,-3.34,1.31,17
TUSDT,KDAUSDT,0.03,-3.52,-3.34,0.01,17
STRAXUSDT,BSVUSDT,0.0,-4.47,-3.34,0.01,17
TIAUSDT,LEVERUSDT,0.0,-5.04,-3.34,9906.69,17
STRAXUSDT,1INCHUSDT,0.02,-3.64,-3.34,0.42,17
TRXUSDT,10000LADYSUSDT,0.03,-3.57,-3.34,168.75,17
TIAUSDT,ALPHAUSDT,0.0,-4.87,-3.34,36.0,17
TRXUSDT,10000STARLUSDT,0.02,-3.66,-3.34,2.38,17
FORTHUSDT,10000LADYSUSDT,0.0,-4.91,-3.34,5064.9,17
XVSUSDT,LRCUSDT,0.0,-4.14,-3.34,2.27,17
RNDRUSDT,FXSUSDT,0.04,-3.45,-3.34,0.18,17
STRAXUSDT,1000LUNCUSDT,0.01,-3.78,-3.34,3.53,17
SFPUSDT,RDNTUSDT,0.02,-3.74,-3.34,4.35,17
STRAXUSDT,ADAUSDT,0.01,-4.01,-3.34,0.53,17
STRAXUSDT,AMBUSDT,0.01,-4.05,-3.34,128.53,17
XVSUSDT,PROMUSDT,0.0,-4.41,-3.34,1.33,17
RPLUSDT,POLYXUSDT,0.04,-3.38,-3.34,212.67,17
TIAUSDT,MANAUSDT,0.0,-4.88,-3.34,3.49,17
STRAXUSDT,MINAUSDT,0.0,-4.12,-3.34,0.49,17
STRAXUSDT,IOTXUSDT,0.02,-3.61,-3.34,6.71,17
USDCUSDT,BADGERUSDT,0.0,-4.25,-3.34,0.46,16
10000NFTUSDT,JSTUSDT,0.02,-3.76,-3.34,0.29,16
SOLUSDT,ONTUSDT,0.05,-3.35,-3.34,764.87,16
STEEMUSDT,FLMUSDT,0.02,-3.62,-3.34,1.83,16
USDCUSDT,DUSKUSDT,0.01,-3.87,-3.34,1.52,16
USDCUSDT,CELOUSDT,0.03,-3.51,-3.34,0.29,16
POWRUSDT,DYDXUSDT,0.0,-4.32,-3.34,0.02,15
PROMUSDT,KNCUSDT,0.0,-4.27,-3.34,1.71,15
10000STARLUSDT,BOBAUSDT,0.0,-6.03,-3.34,0.04,15
POWRUSDT,NTRNUSDT,0.0,-5.15,-3.34,0.5,15
STRAXUSDT,EDUUSDT,0.03,-3.49,-3.34,1.0,15
TIAUSDT,HOOKUSDT,0.0,-4.8,-3.34,5.91,15
TIAUSDT,CAKEUSDT,0.0,-4.88,-3.34,4.88,15
TIAUSDT,IDEXUSDT,0.0,-4.82,-3.34,212.84,15
PROMUSDT,1INCHUSDT,0.04,-3.47,-3.34,1.85,15
PROMUSDT,DASHUSDT,0.02,-3.63,-3.34,0.02,15
PERPUSDT,AVAXUSDT,0.01,-3.91,-3.34,0.01,15
TIAUSDT,IOTXUSDT,0.0,-4.82,-3.34,91.56,15
PERPUSDT,KNCUSDT,0.01,-3.92,-3.34,0.25,15
XLMUSDT,JASMYUSDT,0.01,-3.84,-3.34,9.46,15
BIGTIMEUSDT,10000LADYSUSDT,0.0,-4.31,-3.34,556.32,15
SANDUSDT,ORDIUSDT,0.04,-3.43,-3.34,0.48,15
XTZUSDT,CYBERUSDT,0.05,-3.35,-3.34,0.39,15
PERPUSDT,LTCUSDT,0.01,-3.97,-3.34,0.01,15
PERPUSDT,COMPUSDT,0.01,-4.0,-3.34,0.0,15
PERPUSDT,MASKUSDT,0.01,-4.0,-3.34,0.06,15
STRAXUSDT,CEEKUSDT,0.0,-4.69,-3.34,4.66,15
TRXUSDT,MINAUSDT,0.03,-3.51,-3.34,0.05,15
TRXUSDT,LUNA2USDT,0.05,-3.36,-3.34,0.03,15
TIAUSDT,LPTUSDT,0.0,-4.82,-3.34,0.31,15
TIAUSDT,LRCUSDT,0.0,-4.91,-3.34,5.19,15
TRXUSDT,IMXUSDT,0.04,-3.38,-3.34,0.02,15
USDCUSDT,RDNTUSDT,0.02,-3.64,-3.34,3.04,15
POWRUSDT,OGNUSDT,0.01,-3.77,-3.34,2.71,15
TRXUSDT,BALUSDT,0.04,-3.42,-3.34,0.01,15
TIAUSDT,OGUSDT,0.0,-4.83,-3.34,2.28,15
POWRUSDT,GLMRUSDT,0.03,-3.5,-3.34,0.1,15
WAXPUSDT,ACHUSDT,0.0,-4.45,-3.34,2.44,15
STRAXUSDT,PENDLEUSDT,0.02,-3.66,-3.34,1.35,15
USDCUSDT,HFTUSDT,0.01,-3.97,-3.34,1.72,15
TRBUSDT,LRCUSDT,0.01,-3.99,-3.34,8.46,15
POWRUSDT,HOTUSDT,0.0,-4.17,-3.34,69.54,15
POWRUSDT,LRCUSDT,0.0,-4.9,-3.34,0.13,15
TIAUSDT,BALUSDT,0.0,-4.85,-3.34,1.04,15
TIAUSDT,BANDUSDT,0.0,-4.82,-3.34,3.25,15
STRAXUSDT,LITUSDT,0.01,-3.91,-3.34,0.32,15
TRXUSDT,HIGHUSDT,0.01,-3.85,-3.34,0.04,15
PENDLEUSDT,ASTRUSDT,0.05,-3.35,-3.34,4.43,15
PERPUSDT,CVCUSDT,0.0,-4.26,-3.34,1.91,15
10000STARLUSDT,GPTUSDT,0.0,-5.75,-3.34,0.58,15
XLMUSDT,TOKENUSDT,0.04,-3.38,-3.34,9.99,15
PERPUSDT,CFXUSDT,0.0,-4.14,-3.34,1.91,14
THETAUSDT,JSTUSDT,0.0,-4.76,-3.34,103.32,14
WAVESUSDT,NEOUSDT,0.0,-4.82,-3.34,0.74,14
WAVESUSDT,BATUSDT,0.0,-4.54,-3.34,13.43,14
TOMIUSDT,APTUSDT,0.05,-3.36,-3.34,0.37,14
PERPUSDT,JOEUSDT,0.02,-3.59,-3.34,1.32,14
XLMUSDT,CHZUSDT,0.01,-4.0,-3.34,0.86,14
USDCUSDT,KASUSDT,0.04,-3.41,-3.34,22.43,14
PERPUSDT,BIGTIMEUSDT,0.01,-4.03,-3.34,0.87,14
USDCUSDT,FLRUSDT,0.0,-4.25,-3.34,32.25,14
POWRUSDT,DUSKUSDT,0.03,-3.56,-3.34,0.47,14
WAVESUSDT,EOSUSDT,0.0,-4.48,-3.34,3.85,14
WAVESUSDT,HOTUSDT,0.01,-3.82,-3.34,3370.45,13
SNTUSDT,1000BONKUSDT,0.04,-3.46,-3.34,43.14,13
WAVESUSDT,KASUSDT,0.01,-3.91,-3.34,384.36,13
PERPUSDT,HIGHUSDT,0.02,-3.75,-3.34,0.25,13
PERPUSDT,FILUSDT,0.01,-3.92,-3.34,0.01,13
PENDLEUSDT,BTCUSDT,0.03,-3.5,-3.34,0.0,13
RUNEUSDT,ASTRUSDT,0.0,-4.97,-3.34,65.88,13
PERPUSDT,DODOUSDT,0.0,-4.56,-3.34,2.87,13
10000STARLUSDT,AXSUSDT,0.0,-4.96,-3.34,0.0,13
TRXUSDT,DGBUSDT,0.04,-3.39,-3.34,4.26,13
RDNTUSDT,ACHUSDT,0.01,-4.05,-3.34,13.76,13
RPLUSDT,HOTUSDT,0.03,-3.53,-3.34,9984.95,13
RPLUSDT,HBARUSDT,0.05,-3.35,-3.34,128.48,13
USDCUSDT,JOEUSDT,0.01,-4.09,-3.34,2.07,13
USDCUSDT,HOTUSDT,0.0,-4.28,-3.34,228.17,13
USDCUSDT,KNCUSDT,0.0,-4.13,-3.34,0.41,13
USDCUSDT,HBARUSDT,0.02,-3.73,-3.34,2.88,13
XLMUSDT,WLDUSDT,0.04,-3.44,-3.34,0.21,13
USDCUSDT,GLMRUSDT,0.0,-4.61,-3.34,0.33,13
POWRUSDT,ICPUSDT,0.03,-3.51,-3.34,0.01,13
POWRUSDT,IMXUSDT,0.01,-3.85,-3.34,0.06,13
USDCUSDT,EDUUSDT,0.01,-3.96,-3.34,1.06,13
USDCUSDT,LPTUSDT,0.0,-4.26,-3.34,0.03,13
POWRUSDT,KDAUSDT,0.0,-4.82,-3.34,0.06,13
10000STARLUSDT,BTCUSDT,0.0,-5.63,-3.34,0.0,13
POWRUSDT,COTIUSDT,0.03,-3.57,-3.34,0.98,13
USDCUSDT,C98USDT,0.01,-4.1,-3.34,0.32,13
POWRUSDT,CELOUSDT,0.04,-3.44,-3.34,0.09,13
POWRUSDT,ASTRUSDT,0.0,-4.22,-3.34,1.7,13
VGXUSDT,AGLDUSDT,0.03,-3.48,-3.34,0.2,13
POWRUSDT,RDNTUSDT,0.02,-3.74,-3.34,0.98,13
USDCUSDT,ACHUSDT,0.01,-3.88,-3.34,40.57,13
PROMUSDT,HFTUSDT,0.03,-3.52,-3.34,7.09,13
PERPUSDT,CEEKUSDT,0.01,-4.09,-3.34,3.13,13
PERPUSDT,ARPAUSDT,0.0,-4.48,-3.34,13.62,13
PERPUSDT,MNTUSDT,0.01,-3.91,-3.34,1.3,13
PERPUSDT,1000XECUSDT,0.0,-4.19,-3.34,10.14,13
TRXUSDT,IOTXUSDT,0.01,-3.87,-3.34,0.68,13
SSVUSDT,AKROUSDT,0.05,-3.35,-3.34,6476.66,13
WAXPUSDT,IOTXUSDT,0.0,-4.43,-3.34,0.44,13
STRAXUSDT,COMBOUSDT,0.0,-4.57,-3.34,1.23,13
STRAXUSDT,BALUSDT,0.0,-5.3,-3.34,0.08,13
TIAUSDT,ENSUSDT,0.0,-4.97,-3.34,0.25,13
TIAUSDT,DUSKUSDT,0.0,-4.82,-3.34,19.37,13
ARKUSDT,10000NFTUSDT,0.0,-4.32,-3.34,24.67,13
TIAUSDT,FTMUSDT,0.0,-4.83,-3.34,5.46,13
SUIUSDT,STRAXUSDT,0.01,-3.95,-3.34,0.83,13
STRAXUSDT,IOTAUSDT,0.05,-3.35,-3.34,0.99,13
TIAUSDT,LINAUSDT,0.0,-4.82,-3.34,830.77,13
STRAXUSDT,GPTUSDT,0.0,-4.64,-3.34,12.94,13
STRAXUSDT,BAKEUSDT,0.01,-3.98,-3.34,1.3,13
TIAUSDT,HFTUSDT,0.0,-4.9,-3.34,21.16,13
SWEATUSDT,LUNA2USDT,0.02,-3.59,-3.34,0.0,13
STRAXUSDT,DYDXUSDT,0.0,-4.86,-3.34,0.06,13
TIAUSDT,JOEUSDT,0.0,-4.84,-3.34,25.79,13
TIAUSDT,10000NFTUSDT,0.0,-4.82,-3.34,691.8,13
TIAUSDT,FLRUSDT,0.0,-4.82,-3.34,412.82,13
TIAUSDT,KSMUSDT,0.0,-4.87,-3.34,0.03,13
TIAUSDT,ANTUSDT,0.0,-4.84,-3.34,1.64,13
10000STARLUSDT,HOTUSDT,0.0,-5.68,-3.34,8.89,13
TIAUSDT,AMBUSDT,0.0,-4.89,-3.34,1675.37,13
TIAUSDT,AGLDUSDT,0.0,-4.81,-3.34,19.27,13
STRAXUSDT,COMPUSDT,0.04,-3.43,-3.34,0.0,13
POWRUSDT,MANAUSDT,0.05,-3.37,-3.34,0.09,12
VGXUSDT,APTUSDT,0.02,-3.6,-3.34,0.02,12
WAVESUSDT,KSMUSDT,0.0,-4.34,-3.34,0.04,12
WAVESUSDT,ANTUSDT,0.01,-3.96,-3.34,1.89,12
WAVESUSDT,KNCUSDT,0.01,-3.98,-3.34,7.61,12
WAVESUSDT,MNTUSDT,0.0,-4.47,-3.34,37.35,12
WLDUSDT,LOOKSUSDT,0.02,-3.71,-3.34,0.63,12
WAVESUSDT,EGLDUSDT,0.01,-3.77,-3.34,0.05,12
WAVESUSDT,FILUSDT,0.01,-3.85,-3.34,0.27,12
WLDUSDT,FTMUSDT,0.02,-3.6,-3.34,0.66,12
USDCUSDT,EOSUSDT,0.02,-3.62,-3.34,0.22,11
RIFUSDT,MASKUSDT,0.04,-3.45,-3.34,0.01,11
STRAXUSDT,KDAUSDT,0.01,-3.91,-3.34,0.17,11
TUSDT,PROMUSDT,0.02,-3.59,-3.34,0.01,11
RDNTUSDT,AGLDUSDT,0.01,-3.85,-3.34,0.51,11
RDNTUSDT,DODOUSDT,0.0,-4.24,-3.34,1.51,11
TIAUSDT,HBARUSDT,0.0,-4.84,-3.34,36.09,11
TIAUSDT,ARKMUSDT,0.0,-4.91,-3.34,30.8,11
USDCUSDT,ASTRUSDT,0.0,-4.44,-3.34,5.93,11
TIAUSDT,JASMYUSDT,0.0,-4.81,-3.34,344.12,11
STRAXUSDT,MASKUSDT,0.03,-3.56,-3.34,0.09,11
UNIUSDT,CAKEUSDT,0.03,-3.53,-3.34,5.33,11
QNTUSDT,ADAUSDT,0.02,-3.69,-3.34,71.87,11
STEEMUSDT,10000LADYSUSDT,0.03,-3.5,-3.34,440.54,11
TIAUSDT,FETUSDT,0.0,-4.85,-3.34,31.75,11
TIAUSDT,ETHWUSDT,0.0,-4.81,-3.34,1.79,11
WAXPUSDT,IOTAUSDT,0.01,-3.81,-3.34,0.06,11
WAXPUSDT,HOOKUSDT,0.03,-3.57,-3.34,0.03,11
WAXPUSDT,MINAUSDT,0.02,-3.6,-3.34,0.03,11
TIAUSDT,APEUSDT,0.0,-4.82,-3.34,0.98,11
WAXPUSDT,AMBUSDT,0.01,-3.89,-3.34,8.36,11
PERPUSDT,DGBUSDT,0.0,-4.43,-3.34,28.87,11
PERPUSDT,FXSUSDT,0.0,-4.16,-3.34,0.03,11
WAVESUSDT,INJUSDT,0.0,-4.13,-3.34,9.45,11
PERPUSDT,MAVUSDT,0.0,-4.54,-3.34,2.03,11
PERPUSDT,MINAUSDT,0.01,-3.93,-3.34,0.35,11
THETAUSDT,GLMRUSDT,0.05,-3.35,-3.34,2.26,11
XEMUSDT,HOTUSDT,0.03,-3.54,-3.34,30.04,11
WAVESUSDT,ARUSDT,0.0,-4.3,-3.34,0.35,11
PERPUSDT,NTRNUSDT,0.01,-3.92,-3.34,0.84,11
TIAUSDT,CTKUSDT,0.0,-4.91,-3.34,8.0,11
POWRUSDT,ALPHAUSDT,0.0,-4.11,-3.34,0.92,11
POWRUSDT,APTUSDT,0.01,-3.82,-3.34,0.05,11
POWRUSDT,BAKEUSDT,0.01,-3.79,-3.34,0.43,11
POWRUSDT,BATUSDT,0.0,-4.12,-3.34,0.28,11
POWRUSDT,DGBUSDT,0.01,-4.05,-3.34,13.62,11
USDCUSDT,LOOKSUSDT,0.02,-3.61,-3.34,0.35,11
POWRUSDT,FXSUSDT,0.0,-4.27,-3.34,0.01,11
STRAXUSDT,RENUSDT,0.01,-4.07,-3.34,1.22,11
USDCUSDT,PROMUSDT,0.0,-4.43,-3.34,0.24,11
STRAXUSDT,LQTYUSDT,0.03,-3.52,-3.34,0.47,11
TIAUSDT,MDTUSDT,0.0,-4.82,-3.34,272.05,11
TOMIUSDT,TONUSDT,0.04,-3.47,-3.34,0.98,11
SANDUSDT,RDNTUSDT,0.04,-3.47,-3.34,13.31,11
TRBUSDT,FLRUSDT,0.04,-3.41,-3.34,688.3,11
STEEMUSDT,BNTUSDT,0.03,-3.51,-3.34,0.53,11
TRXUSDT,ARUSDT,0.01,-3.89,-3.34,0.0,11
TIAUSDT,MAVUSDT,0.0,-4.84,-3.34,39.94,11
STRAXUSDT,ARUSDT,0.02,-3.73,-3.34,0.02,11
RPLUSDT,MNTUSDT,0.03,-3.49,-3.34,95.32,11
PENDLEUSDT,SHIB1000USDT,0.03,-3.58,-3.34,57.12,11
PERPUSDT,KDAUSDT,0.01,-3.94,-3.34,0.12,10
PERPUSDT,IDUSDT,0.01,-3.97,-3.34,1.11,10
PERPUSDT,LOOMUSDT,0.01,-4.05,-3.34,4.06,10
XLMUSDT,GMTUSDT,0.04,-3.45,-3.34,0.14,10
WAVESUSDT,ALICEUSDT,0.01,-3.92,-3.34,1.03,10
WAVESUSDT,AKROUSDT,0.0,-4.37,-3.34,3556.13,10
PERPUSDT,HBARUSDT,0.01,-4.03,-3.34,1.81,10
PERPUSDT,OMGUSDT,0.01,-3.94,-3.34,0.05,10
PERPUSDT,GRTUSDT,0.01,-3.93,-3.34,1.11,10
SOLUSDT,DOGEUSDT,0.03,-3.56,-3.34,2350.24,10
10000STARLUSDT,CHZUSDT,0.0,-5.26,-3.34,0.09,10
PERPUSDT,FLOWUSDT,0.04,-3.46,-3.34,0.06,10
PERPUSDT,FLRUSDT,0.01,-4.08,-3.34,20.16,10
USDCUSDT,ETHUSDT,0.01,-4.05,-3.34,0.0,9
PERPUSDT,BALUSDT,0.0,-4.25,-3.34,0.05,9
TRXUSDT,1000XECUSDT,0.01,-3.8,-3.34,1.5,9
USDCUSDT,DGBUSDT,0.01,-4.05,-3.34,45.01,9
POWRUSDT,ANKRUSDT,0.01,-4.02,-3.34,2.99,9
TRXUSDT,ARPAUSDT,0.02,-3.64,-3.34,2.01,9
TRXUSDT,GPTUSDT,0.05,-3.35,-3.34,1.37,9
TIAUSDT,HIGHUSDT,0.0,-4.81,-3.34,4.95,9
TIAUSDT,ICXUSDT,0.0,-4.82,-3.34,23.63,9
VRAUSDT,CTSIUSDT,0.02,-3.75,-3.34,0.02,9
POWRUSDT,MULTIUSDT,0.03,-3.51,-3.34,0.15,9
TRXUSDT,ACHUSDT,0.01,-3.82,-3.34,3.81,9
USDCUSDT,BAKEUSDT,0.04,-3.46,-3.34,1.45,9
TRXUSDT,CELOUSDT,0.03,-3.5,-3.34,0.03,9
SWEATUSDT,COREUSDT,0.04,-3.43,-3.34,0.01,9
POWRUSDT,COMBOUSDT,0.0,-4.43,-3.34,0.41,9
POWRUSDT,COMPUSDT,0.0,-4.18,-3.34,0.0,9
TIAUSDT,DGBUSDT,0.0,-4.87,-3.34,540.88,9
USDCUSDT,MTLUSDT,0.01,-4.0,-3.34,0.54,9
USDCUSDT,MAVUSDT,0.05,-3.36,-3.34,3.19,9
POWRUSDT,KSMUSDT,0.01,-4.03,-3.34,0.0,9
TIAUSDT,IDUSDT,0.0,-4.96,-3.34,21.09,9
TIAUSDT,EGLDUSDT,0.0,-4.86,-3.34,0.04,9
TRXUSDT,COREUSDT,0.04,-3.46,-3.34,0.04,9
SUIUSDT,SHIB1000USDT,0.02,-3.74,-3.34,68.37,9
USDCUSDT,IOSTUSDT,0.01,-4.07,-3.34,22.37,9
POWRUSDT,FLOWUSDT,0.0,-4.42,-3.34,0.03,9
XMRUSDT,ICXUSDT,0.05,-3.35,-3.34,353.05,9
TIAUSDT,DYDXUSDT,0.0,-4.85,-3.34,0.77,9
USDCUSDT,NTRNUSDT,0.0,-4.2,-3.34,1.33,9
USDCUSDT,ALPHAUSDT,0.0,-4.78,-3.34,3.09,9
WAVESUSDT,FORTHUSDT,0.0,-4.64,-3.34,6.0,9
PERPUSDT,EDUUSDT,0.01,-4.02,-3.34,0.67,9
RIFUSDT,HBARUSDT,0.04,-3.4,-3.34,0.35,9
XVSUSDT,LQTYUSDT,0.01,-3.84,-3.34,2.62,9
10000STARLUSDT,ICXUSDT,0.0,-5.79,-3.34,0.07,9
TUSDT,MNTUSDT,0.01,-3.86,-3.34,0.07,9
STRAXUSDT,COREUSDT,0.0,-4.8,-3.34,0.39,9
TIAUSDT,ADAUSDT,0.0,-4.85,-3.34,7.02,9
PERPUSDT,APTUSDT,0.0,-4.43,-3.34,0.11,9
WAVESUSDT,ICPUSDT,0.02,-3.68,-3.34,0.34,9
STRAXUSDT,BOBAUSDT,0.0,-4.16,-3.34,0.92,9
PERPUSDT,IOSTUSDT,0.01,-3.95,-3.34,14.09,9
WAVESUSDT,GFTUSDT,0.01,-3.87,-3.34,229.1,9
WAVESUSDT,AGLDUSDT,0.03,-3.47,-3.34,23.26,9
STRAXUSDT,CTSIUSDT,0.02,-3.66,-3.34,2.88,9
PROMUSDT,IOSTUSDT,0.01,-4.08,-3.34,92.25,9
TIAUSDT,1000BONKUSDT,0.0,-4.85,-3.34,12104.74,9
SHIB1000USDT,CELOUSDT,0.02,-3.65,-3.34,0.0,9
WAVESUSDT,ASTRUSDT,0.0,-4.26,-3.34,83.2,9
POWRUSDT,IOSTUSDT,0.0,-4.79,-3.34,7.08,9
TIAUSDT,COMPUSDT,0.0,-4.84,-3.34,0.03,9
PROMUSDT,GRTUSDT,0.04,-3.42,-3.34,7.28,9
WAVESUSDT,BAKEUSDT,0.01,-4.06,-3.34,20.86,9
STRAXUSDT,DGBUSDT,0.0,-4.33,-3.34,41.29,9
10000STARLUSDT,LTCUSDT,0.0,-5.37,-3.34,0.0,9
PERPUSDT,LUNA2USDT,0.0,-4.7,-3.34,0.21,9
PERPUSDT,LINAUSDT,0.0,-4.79,-3.34,43.9,9
WAVESUSDT,DYDXUSDT,0.01,-3.96,-3.34,0.93,9
TIAUSDT,BSVUSDT,0.0,-4.87,-3.34,0.12,9
10000STARLUSDT,ARKUSDT,0.0,-4.9,-3.34,0.02,8
WAVESUSDT,IDUSDT,0.02,-3.67,-3.34,27.03,8
PERPUSDT,GLMRUSDT,0.0,-4.13,-3.34,0.21,8
MAGICUSDT,10000NFTUSDT,0.0,-6.54,-3.34,138.67,8
WAVESUSDT,FRONTUSDT,0.0,-4.22,-3.34,49.83,8
TIAUSDT,ARKUSDT,0.0,-4.83,-3.34,5.86,8
RPLUSDT,JOEUSDT,0.05,-3.36,-3.34,91.95,8
PERPUSDT,ARKUSDT,0.04,-3.39,-3.34,0.27,8
USDCUSDT,ARKUSDT,0.03,-3.58,-3.34,0.43,8
USDCUSDT,COMPUSDT,0.0,-4.38,-3.34,0.0,8
WAVESUSDT,APTUSDT,0.0,-5.06,-3.34,2.67,7
WAVESUSDT,CELRUSDT,0.01,-3.93,-3.34,145.15,7
TIAUSDT,CELOUSDT,0.0,-4.81,-3.34,3.79,7
TIAUSDT,CELRUSDT,0.0,-4.85,-3.34,116.0,7
TOMIUSDT,AVAXUSDT,0.02,-3.62,-3.34,0.02,7
SLPUSDT,APTUSDT,0.03,-3.54,-3.34,0.01,7
PROMUSDT,KDAUSDT,0.01,-4.1,-3.34,0.78,7
TIAUSDT,IOTAUSDT,0.0,-4.88,-3.34,12.83,7
10000STARLUSDT,LUNA2USDT,0.0,-6.76,-3.34,0.01,7
TIAUSDT,IOSTUSDT,0.0,-4.89,-3.34,275.02,7
STEEMUSDT,KAVAUSDT,0.0,-4.24,-3.34,0.07,7
POWRUSDT,JOEUSDT,0.01,-3.82,-3.34,0.66,7
SNTUSDT,GFTUSDT,0.05,-3.36,-3.34,0.66,7
PERPUSDT,CELRUSDT,0.0,-4.13,-3.34,5.95,7
WSMUSDT,DARUSDT,0.01,-3.82,-3.34,0.04,7
TIAUSDT,IMXUSDT,0.0,-4.87,-3.34,2.36,7
USDCUSDT,ADAUSDT,0.0,-4.31,-3.34,0.56,7
PERPUSDT,OGUSDT,0.0,-5.99,-3.34,0.11,7
TIAUSDT,MASKUSDT,0.0,-4.92,-3.34,1.19,7
TIAUSDT,CROUSDT,0.0,-4.85,-3.34,22.14,7
POWRUSDT,1000XECUSDT,0.01,-3.85,-3.34,4.95,7
VGXUSDT,DODOUSDT,0.0,-4.27,-3.34,0.6,7
TIAUSDT,CVCUSDT,0.0,-4.92,-3.34,36.98,7
USDCUSDT,RENUSDT,0.0,-4.48,-3.34,1.3,7
TIAUSDT,CYBERUSDT,0.0,-4.91,-3.34,2.2,7
PROMUSDT,COMPUSDT,0.03,-3.53,-3.34,0.01,7
WAVESUSDT,DENTUSDT,0.0,-4.31,-3.34,5922.6,7
TIAUSDT,BSWUSDT,0.0,-4.85,-3.34,13.38,7
USDCUSDT,AVAXUSDT,0.03,-3.51,-3.34,0.01,7
SSVUSDT,MATICUSDT,0.01,-3.84,-3.34,14.99,7
PERPUSDT,1INCHUSDT,0.0,-4.11,-3.34,0.28,7
TIAUSDT,LOOMUSDT,0.0,-4.85,-3.34,78.62,7
RIFUSDT,LQTYUSDT,0.03,-3.53,-3.34,0.06,7
TRBUSDT,IOSTUSDT,0.0,-4.2,-3.34,459.25,7
TRXUSDT,QTUMUSDT,0.04,-3.46,-3.34,0.01,7
TRXUSDT,LRCUSDT,0.03,-3.58,-3.34,0.04,7
TIAUSDT,ALICEUSDT,0.0,-4.82,-3.34,0.82,7
PERPUSDT,GFTUSDT,0.0,-4.85,-3.34,9.72,7
RIFUSDT,COMPUSDT,0.03,-3.57,-3.34,0.0,7
RIFUSDT,ADAUSDT,0.03,-3.54,-3.34,0.07,7
SNXUSDT,ACHUSDT,0.04,-3.45,-3.34,259.16,7
TIAUSDT,KEYUSDT,0.0,-5.14,-3.34,1975.8,7
TIAUSDT,ACHUSDT,0.0,-4.82,-3.34,509.96,7
WAVESUSDT,JOEUSDT,0.0,-4.25,-3.34,32.63,7
RENUSDT,BSVUSDT,0.02,-3.65,-3.34,0.01,7
XVSUSDT,NTRNUSDT,0.03,-3.54,-3.34,8.01,7
TIAUSDT,1INCHUSDT,0.0,-4.91,-3.34,5.49,7
PERPUSDT,IDEXUSDT,0.01,-3.92,-3.34,10.34,7
WAVESUSDT,HIGHUSDT,0.0,-4.14,-3.34,6.18,7
TIAUSDT,BOBAUSDT,0.0,-4.83,-3.34,12.7,7
RPLUSDT,GLMRUSDT,0.03,-3.48,-3.34,14.16,7
OXTUSDT,IOSTUSDT,0.01,-3.79,-3.34,1.82,7
TIAUSDT,JSTUSDT,0.0,-4.83,-3.34,207.3,7
PROMUSDT,NTRNUSDT,0.0,-4.28,-3.34,5.67,7
POWRUSDT,BALUSDT,0.0,-4.29,-3.34,0.03,7
TRXUSDT,MTLUSDT,0.04,-3.43,-3.34,0.05,7
PERPUSDT,BOBAUSDT,0.02,-3.6,-3.34,0.67,7
TIAUSDT,FITFIUSDT,0.0,-4.82,-3.34,192.11,7
RNDRUSDT,ETCUSDT,0.05,-3.37,-3.34,0.06,7
POWRUSDT,MASKUSDT,0.0,-4.31,-3.34,0.03,7
USDCUSDT,MINAUSDT,0.01,-3.83,-3.34,0.54,7
USDCUSDT,BOBAUSDT,0.01,-3.84,-3.34,1.03,7
POWRUSDT,DASHUSDT,0.0,-4.36,-3.34,0.0,7
SUIUSDT,WAXPUSDT,0.03,-3.5,-3.34,13.13,7
PENDLEUSDT,BOBAUSDT,0.04,-3.43,-3.34,0.77,7
STRAXUSDT,1000XECUSDT,0.02,-3.61,-3.34,14.79,7
TIAUSDT,EDUUSDT,0.0,-4.83,-3.34,13.22,7
TIAUSDT,GASUSDT,0.0,-4.83,-3.34,1.47,7
POWRUSDT,EDUUSDT,0.03,-3.53,-3.34,0.33,7
USDCUSDT,GRTUSDT,0.01,-4.1,-3.34,1.76,7
TRXUSDT,COMBOUSDT,0.03,-3.48,-3.34,0.12,7
RPLUSDT,ZRXUSDT,0.01,-3.8,-3.34,67.3,7
TIAUSDT,GLMRUSDT,0.0,-4.84,-3.34,3.92,7
USDCUSDT,IOTXUSDT,0.0,-4.39,-3.34,7.17,7
TIAUSDT,GMTUSDT,0.0,-4.82,-3.34,5.23,7
SFPUSDT,CVXUSDT,0.02,-3.62,-3.34,0.1,7
TIAUSDT,DENTUSDT,0.0,-4.94,-3.34,4261.7,7
POWRUSDT,FLRUSDT,0.0,-4.65,-3.34,10.38,7
USDCUSDT,OXTUSDT,0.0,-4.18,-3.34,11.66,7
USDCUSDT,OMGUSDT,0.0,-4.12,-3.34,0.08,7
XEMUSDT,DGBUSDT,0.01,-3.88,-3.34,5.97,7
USDCUSDT,BALUSDT,0.02,-3.6,-3.34,0.09,7
POWRUSDT,IDEXUSDT,0.02,-3.7,-3.34,5.27,7
POWRUSDT,CELRUSDT,0.01,-4.08,-3.34,2.95,7
SANDUSDT,HOOKUSDT,0.02,-3.66,-3.34,1.98,7
STPTUSDT,BNTUSDT,0.04,-3.43,-3.34,0.14,6
WAVESUSDT,CRVUSDT,0.0,-4.14,-3.34,3.76,6
YFIIUSDT,BSWUSDT,0.05,-3.35,-3.34,471.26,6
USDCUSDT,BSWUSDT,0.03,-3.56,-3.34,1.02,6
WAVESUSDT,MAGICUSDT,0.0,-4.36,-3.34,0.35,6
WAVESUSDT,ENJUSDT,0.02,-3.75,-3.34,5.46,6
WAVESUSDT,NEARUSDT,0.04,-3.38,-3.34,1.68,6
RUNEUSDT,JSTUSDT,0.01,-3.83,-3.34,141.68,6
10000STARLUSDT,BSWUSDT,0.0,-4.89,-3.34,0.04,6
PERPUSDT,ICXUSDT,0.0,-4.2,-3.34,1.19,5
TIAUSDT,KAVAUSDT,0.0,-4.82,-3.34,3.31,5
TIAUSDT,AAVEUSDT,0.0,-4.83,-3.34,0.03,5
RDNTUSDT,BOBAUSDT,0.01,-3.79,-3.34,0.36,5
TRXUSDT,BOBAUSDT,0.02,-3.72,-3.34,0.1,5
USDCUSDT,DODOUSDT,0.04,-3.39,-3.34,4.42,5
TIAUSDT,KDAUSDT,0.0,-4.83,-3.34,2.32,5
POWRUSDT,GRTUSDT,0.0,-4.28,-3.34,0.56,5
RPLUSDT,CTSIUSDT,0.04,-3.38,-3.34,136.18,5
10000STARLUSDT,NTRNUSDT,0.0,-5.04,-3.34,0.05,5
TIAUSDT,LITUSDT,0.0,-4.93,-3.34,4.02,5
SNTUSDT,LUNA2USDT,0.0,-4.22,-3.34,0.01,5
POWRUSDT,LITUSDT,0.02,-3.73,-3.34,0.11,5
TIAUSDT,API3USDT,0.0,-4.97,-3.34,2.39,5
ZRXUSDT,KLAYUSDT,0.02,-3.6,-3.34,0.46,5
TRBUSDT,ADAUSDT,0.03,-3.55,-3.34,11.62,5
STRAXUSDT,FLOWUSDT,0.02,-3.7,-3.34,0.08,5
STRAXUSDT,HOTUSDT,0.0,-4.15,-3.34,210.77,5
TIAUSDT,ANKRUSDT,0.0,-4.83,-3.34,118.48,5
TRBUSDT,KDAUSDT,0.0,-4.53,-3.34,3.5,5
WAVESUSDT,NKNUSDT,0.01,-4.03,-3.34,147.75,5
USDCUSDT,CTSIUSDT,0.0,-4.53,-3.34,3.1,5
PERPUSDT,DARUSDT,0.0,-4.45,-3.34,1.12,5
RIFUSDT,GRTUSDT,0.04,-3.45,-3.34,0.21,5
TRBUSDT,LQTYUSDT,0.04,-3.44,-3.34,9.91,5
USDCUSDT,FXSUSDT,0.01,-3.92,-3.34,0.04,5
RIFUSDT,OMGUSDT,0.01,-3.79,-3.34,0.01,5
WAXPUSDT,BOBAUSDT,0.03,-3.48,-3.34,0.06,5
WAVESUSDT,LQTYUSDT,0.01,-3.92,-3.34,7.45,5
SSVUSDT,KNCUSDT,0.01,-4.02,-3.34,12.09,5
RIFUSDT,CELRUSDT,0.04,-3.47,-3.34,1.13,5
SSVUSDT,PROMUSDT,0.04,-3.46,-3.34,7.51,5
XVSUSDT,DASHUSDT,0.01,-3.8,-3.34,0.03,5
RPLUSDT,ARUSDT,0.02,-3.74,-3.34,1.0,5
TRBUSDT,OMGUSDT,0.03,-3.58,-3.34,1.59,5
TIAUSDT,MINAUSDT,0.0,-4.86,-3.34,6.42,5
TRXUSDT,ASTRUSDT,0.04,-3.39,-3.34,0.56,5
TIAUSDT,GRTUSDT,0.0,-4.9,-3.34,21.31,5
POWRUSDT,RADUSDT,0.0,-4.35,-3.34,0.21,5
WAVESUSDT,FXSUSDT,0.01,-4.05,-3.34,0.55,5
WAVESUSDT,AUCTIONUSDT,0.01,-3.87,-3.34,3.26,5
USDCUSDT,MASKUSDT,0.02,-3.73,-3.34,0.1,5
USDCUSDT,1INCHUSDT,0.03,-3.5,-3.34,0.45,5
USDCUSDT,MNTUSDT,0.0,-4.6,-3.34,2.07,5
POWRUSDT,CTKUSDT,0.01,-4.02,-3.34,0.21,5
POWRUSDT,MAVUSDT,0.01,-3.87,-3.34,1.0,5
PROMUSDT,CELRUSDT,0.02,-3.71,-3.34,38.74,5
TIAUSDT,COREUSDT,0.0,-4.85,-3.34,5.19,5
POWRUSDT,1000LUNCUSDT,0.02,-3.71,-3.34,1.18,5
PERPUSDT,COMBOUSDT,0.0,-4.13,-3.34,0.83,5
POWRUSDT,OMGUSDT,0.0,-4.46,-3.34,0.03,5
POWRUSDT,MINAUSDT,0.01,-4.02,-3.34,0.16,5
SHIB1000USDT,BOBAUSDT,0.03,-3.56,-3.34,0.01,5
TIAUSDT,HOTUSDT,0.0,-4.86,-3.34,2755.29,5
POWRUSDT,MTLUSDT,0.03,-3.57,-3.34,0.17,5
TRXUSDT,APTUSDT,0.0,-4.19,-3.34,0.02,5
TIAUSDT,CTSIUSDT,0.0,-4.82,-3.34,40.4,5
POWRUSDT,ARPAUSDT,0.04,-3.4,-3.34,6.79,5
USDCUSDT,ARUSDT,0.0,-4.25,-3.34,0.02,5
BIGTIMEUSDT,10000NFTUSDT,0.0,-4.53,-3.34,17.95,5
SHIB1000USDT,CVXUSDT,0.02,-3.67,-3.34,0.0,5
TIAUSDT,OMGUSDT,0.0,-4.86,-3.34,1.0,5
QNTUSDT,KDAUSDT,0.04,-3.38,-3.34,23.37,5
TIAUSDT,LUNA2USDT,0.0,-4.91,-3.34,3.67,5
SNTUSDT,DARUSDT,0.02,-3.65,-3.34,0.08,5
TRXUSDT,ICXUSDT,0.02,-3.7,-3.34,0.18,5
WAVESUSDT,FLOWUSDT,0.0,-4.32,-3.34,1.39,5
PERPUSDT,LOOKSUSDT,0.0,-4.65,-3.34,0.23,5
WAVESUSDT,CTSIUSDT,0.01,-4.04,-3.34,46.9,5
USDCUSDT,KDAUSDT,0.0,-4.17,-3.34,0.19,5
QNTUSDT,MASKUSDT,0.04,-3.43,-3.34,12.65,5
TIAUSDT,C98USDT,0.0,-4.83,-3.34,3.99,5
RPLUSDT,RUNEUSDT,0.01,-3.99,-3.34,4.31,5
SNTUSDT,LINAUSDT,0.03,-3.56,-3.34,2.98,5
POWRUSDT,ANTUSDT,0.01,-3.81,-3.34,0.04,4
WAVESUSDT,HNTUSDT,0.01,-4.05,-3.34,0.67,4
VETUSDT,JSTUSDT,0.02,-3.67,-3.34,1.74,4
10000STARLUSDT,MAGICUSDT,0.0,-4.97,-3.34,0.0,4
WAVESUSDT,FITFIUSDT,0.02,-3.64,-3.34,184.16,4
STPTUSDT,BSWUSDT,0.01,-3.79,-3.34,0.07,4
WAVESUSDT,ETCUSDT,0.0,-4.51,-3.34,0.31,4
POWRUSDT,ENJUSDT,0.04,-3.39,-3.34,0.11,4
WAVESUSDT,10000NFTUSDT,0.0,-4.84,-3.34,891.34,4
TIAUSDT,MAGICUSDT,0.0,-4.82,-3.34,0.31,4
RENUSDT,JSTUSDT,0.02,-3.69,-3.34,10.96,4
PERPUSDT,MAGICUSDT,0.0,-4.31,-3.34,0.01,4
TRBUSDT,MNTUSDT,0.0,-5.23,-3.34,51.22,4
PERPUSDT,C98USDT,0.0,-4.17,-3.34,0.2,4
WAXPUSDT,MAVUSDT,0.03,-3.5,-3.34,0.2,3
TIAUSDT,BAKEUSDT,0.0,-4.87,-3.34,16.93,3
WAXPUSDT,ICXUSDT,0.04,-3.44,-3.34,0.11,3
QNTUSDT,C98USDT,0.03,-3.54,-3.34,40.59,3
TIAUSDT,ASTRUSDT,0.0,-4.82,-3.34,74.21,3
TIAUSDT,ARBUSDT,0.0,-5.03,-3.34,9.68,3
WAXPUSDT,HIGHUSDT,0.04,-3.41,-3.34,0.02,3
SUIUSDT,BOBAUSDT,0.0,-4.5,-3.34,1.01,3
SSVUSDT,EOSUSDT,0.03,-3.56,-3.34,6.71,3
SHIB1000USDT,ACHUSDT,0.02,-3.73,-3.34,0.33,3
SFPUSDT,STRAXUSDT,0.0,-4.15,-3.34,1.29,3
ZRXUSDT,PROMUSDT,0.02,-3.76,-3.34,0.14,3
SANDUSDT,ARPAUSDT,0.03,-3.54,-3.34,87.75,3
RPLUSDT,FLOWUSDT,0.0,-4.14,-3.34,3.99,3
ZRXUSDT,EOSUSDT,0.01,-3.9,-3.34,0.12,3
ZRXUSDT,FILUSDT,0.02,-3.7,-3.34,0.01,3
QNTUSDT,FLOWUSDT,0.05,-3.37,-3.34,11.46,3
QNTUSDT,CTSIUSDT,0.01,-3.99,-3.34,383.77,3
PROMUSDT,ADAUSDT,0.01,-4.06,-3.34,2.32,3
TIAUSDT,CEEKUSDT,0.0,-4.83,-3.34,61.82,3
POWRUSDT,HFTUSDT,0.0,-4.12,-3.34,0.55,3
POWRUSDT,HBARUSDT,0.01,-3.77,-3.34,0.93,3
POWRUSDT,GPTUSDT,0.0,-4.21,-3.34,4.22,3
POWRUSDT,CVXUSDT,0.01,-3.95,-3.34,0.02,3
POWRUSDT,CTSIUSDT,0.03,-3.54,-3.34,0.95,3
POWRUSDT,C98USDT,0.01,-3.88,-3.34,0.1,3
POWRUSDT,BSVUSDT,0.01,-3.93,-3.34,0.0,3
POWRUSDT,BOBAUSDT,0.01,-3.93,-3.34,0.3,3
POWRUSDT,ARUSDT,0.01,-4.01,-3.34,0.01,3
POWRUSDT,API3USDT,0.0,-4.47,-3.34,0.06,3
POWRUSDT,ADAUSDT,0.0,-4.32,-3.34,0.18,3
POWRUSDT,1INCHUSDT,0.0,-4.14,-3.34,0.14,3
PERPUSDT,GPTUSDT,0.03,-3.51,-3.34,9.42,3
PERPUSDT,CVXUSDT,0.0,-4.25,-3.34,0.04,3
TIAUSDT,AUDIOUSDT,0.0,-4.91,-3.34,7.55,3
TIAUSDT,1000LUNCUSDT,0.0,-4.93,-3.34,45.35,3
TIAUSDT,COMBOUSDT,0.0,-4.86,-3.34,16.15,3
USDCUSDT,CEEKUSDT,0.0,-4.16,-3.34,4.94,3
WAXPUSDT,GFTUSDT,0.0,-4.31,-3.34,0.9,3
WAXPUSDT,COMBOUSDT,0.01,-4.02,-3.34,0.08,3
XVSUSDT,IOSTUSDT,0.01,-4.09,-3.34,118.98,3
WAVESUSDT,KDAUSDT,0.0,-4.29,-3.34,2.66,3
WAVESUSDT,KAVAUSDT,0.0,-4.11,-3.34,4.51,3
WAVESUSDT,IOTAUSDT,0.0,-4.28,-3.34,16.41,3
WAVESUSDT,HBARUSDT,0.01,-4.07,-3.34,46.05,3
WAVESUSDT,GRTUSDT,0.02,-3.61,-3.34,27.18,3
WAVESUSDT,EDUUSDT,0.02,-3.73,-3.34,16.21,3
WAVESUSDT,COMBOUSDT,0.04,-3.4,-3.34,20.2,3
TIAUSDT,CVXUSDT,0.0,-4.82,-3.34,0.72,3
WAVESUSDT,ALPHAUSDT,0.01,-4.09,-3.34,44.18,3
VGXUSDT,LINAUSDT,0.0,-4.18,-3.34,9.08,3
WAVESUSDT,AMBUSDT,0.04,-3.45,-3.34,2157.92,3
USDCUSDT,AGLDUSDT,0.03,-3.53,-3.34,1.5,3
TRBUSDT,GRTUSDT,0.04,-3.43,-3.34,36.29,3
TIAUSDT,DARUSDT,0.0,-4.97,-3.34,18.13,3
TIAUSDT,FLOWUSDT,0.0,-4.84,-3.34,1.12,3
TIAUSDT,FXSUSDT,0.0,-4.86,-3.34,0.48,3
TIAUSDT,GPTUSDT,0.0,-4.85,-3.34,172.27,3
TIAUSDT,LOOKSUSDT,0.0,-4.85,-3.34,4.9,3
TUSDT,FILUSDT,0.02,-3.6,-3.34,0.0,3
TIAUSDT,LQTYUSDT,0.0,-4.94,-3.34,5.96,3
TRXUSDT,AGLDUSDT,0.05,-3.37,-3.34,0.14,3
TRXUSDT,BAKEUSDT,0.05,-3.37,-3.34,0.14,3
STPTUSDT,OGUSDT,0.01,-3.83,-3.34,0.01,3
TOMIUSDT,FITFIUSDT,0.04,-3.4,-3.34,35.71,2
POWRUSDT,BSWUSDT,0.0,-4.24,-3.34,0.31,2
POWRUSDT,EGLDUSDT,0.02,-3.75,-3.34,0.0,2
PERPUSDT,BSWUSDT,0.0,-4.12,-3.34,0.63,2
WAVESUSDT,BSWUSDT,0.02,-3.66,-3.34,14.74,2
STPTUSDT,TIAUSDT,0.01,-3.87,-3.34,0.0,2
WAVESUSDT,LDOUSDT,0.02,-3.61,-3.34,7.61,2
PERPUSDT,CHZUSDT,0.01,-4.11,-3.34,1.57,2
10000STARLUSDT,FITFIUSDT,0.0,-4.95,-3.34,0.53,2
XTZUSDT,FITFIUSDT,0.04,-3.45,-3.34,34.66,2
PERPUSDT,FITFIUSDT,0.01,-3.93,-3.34,9.2,2
ZRXUSDT,JSTUSDT,0.03,-3.5,-3.34,8.81,1
STRAXUSDT,CVXUSDT,0.0,-4.47,-3.34,0.05,1
WSMUSDT,LUNA2USDT,0.02,-3.7,-3.34,0.01,1
RPLUSDT,ASTRUSDT,0.01,-3.9,-3.34,253.31,1
TOMIUSDT,TRBUSDT,0.03,-3.59,-3.34,0.07,1
TIAUSDT,BNXUSDT,0.0,-4.85,-3.34,0.25,1
SWEATUSDT,BNXUSDT,0.0,-4.58,-3.34,0.0,1
SUIUSDT,BTCUSDT,0.0,-4.34,-3.34,0.0,1
STRAXUSDT,ICXUSDT,0.01,-3.95,-3.34,1.71,1
STRAXUSDT,GLMRUSDT,0.03,-3.5,-3.34,0.3,1
STRAXUSDT,ALPHAUSDT,0.01,-3.97,-3.34,2.8,1
STPTUSDT,BNXUSDT,0.02,-3.73,-3.34,0.0,1
SSVUSDT,OXTUSDT,0.04,-3.41,-3.34,357.15,1
SNTUSDT,BNXUSDT,0.01,-3.87,-3.34,0.0,1
SHIB1000USDT,APTUSDT,0.04,-3.38,-3.34,0.0,1
RPLUSDT,RENUSDT,0.03,-3.52,-3.34,57.54,1
RPLUSDT,1000XECUSDT,0.05,-3.36,-3.34,698.7,1
TRXUSDT,DODOUSDT,0.01,-3.86,-3.34,0.41,1
RIFUSDT,EDUUSDT,0.03,-3.52,-3.34,0.13,1
RDNTUSDT,CVXUSDT,0.0,-4.95,-3.34,0.02,1
PROMUSDT,OMGUSDT,0.02,-3.73,-3.34,0.34,1
PROMUSDT,AXSUSDT,0.0,-4.34,-3.34,0.04,1
POWRUSDT,RENUSDT,0.0,-4.49,-3.34,0.4,1
POWRUSDT,LQTYUSDT,0.0,-4.17,-3.34,0.16,1
POWRUSDT,ICXUSDT,0.01,-4.0,-3.34,0.57,1
POWRUSDT,CEEKUSDT,0.0,-4.4,-3.34,1.56,1
PERPUSDT,BNXUSDT,0.0,-6.25,-3.34,0.02,1
PERPUSDT,AXSUSDT,0.01,-3.93,-3.34,0.01,1
PENDLEUSDT,CVXUSDT,0.04,-3.44,-3.34,0.04,1
10000STARLUSDT,BNXUSDT,0.0,-5.07,-3.34,0.0,1
TRXUSDT,BNXUSDT,0.04,-3.39,-3.34,0.0,1
TRXUSDT,GFTUSDT,0.02,-3.72,-3.34,1.41,1
WAXPUSDT,LINAUSDT,0.02,-3.72,-3.34,4.03,1
WAVESUSDT,CVCUSDT,0.01,-3.8,-3.34,48.28,1
WAXPUSDT,DODOUSDT,0.02,-3.67,-3.34,0.27,1
WAXPUSDT,CVXUSDT,0.01,-3.88,-3.34,0.0,1
WAXPUSDT,BALUSDT,0.05,-3.37,-3.34,0.01,1
WAXPUSDT,APTUSDT,0.0,-4.11,-3.34,0.01,1
WAXPUSDT,1000XECUSDT,0.01,-3.88,-3.34,0.96,1
WAVESUSDT,MAVUSDT,0.01,-4.04,-3.34,49.6,1
WAVESUSDT,LPTUSDT,0.02,-3.68,-3.34,0.39,1
WAVESUSDT,KLAYUSDT,0.01,-3.8,-3.34,12.83,1
WAVESUSDT,IOSTUSDT,0.01,-4.03,-3.34,343.5,1
WAVESUSDT,HOOKUSDT,0.0,-4.71,-3.34,7.46,1
WAVESUSDT,HFTUSDT,0.01,-3.89,-3.34,26.8,1
WAVESUSDT,DASHUSDT,0.0,-4.83,-3.34,0.08,1
WAVESUSDT,COMPUSDT,0.0,-5.13,-3.34,0.04,1
TRXUSDT,LOOKSUSDT,0.03,-3.59,-3.34,0.03,1
WAVESUSDT,CEEKUSDT,0.01,-3.89,-3.34,76.31,1
WAVESUSDT,C98USDT,0.0,-4.48,-3.34,5.04,1
WAVESUSDT,BSVUSDT,0.01,-3.82,-3.34,0.15,1
WAVESUSDT,AUDIOUSDT,0.01,-3.9,-3.34,9.56,1
USDCUSDT,LQTYUSDT,0.01,-3.91,-3.34,0.5,1
USDCUSDT,ICXUSDT,0.0,-4.22,-3.34,1.86,1
USDCUSDT,FLOWUSDT,0.0,-4.66,-3.34,0.09,1
USDCUSDT,CVXUSDT,0.01,-3.77,-3.34,0.06,1
USDCUSDT,AXSUSDT,0.02,-3.71,-3.34,0.01,1
USDCUSDT,ARPAUSDT,0.02,-3.68,-3.34,21.3,1
USDCUSDT,APTUSDT,0.01,-3.93,-3.34,0.17,1
USDCUSDT,1000XECUSDT,0.0,-4.11,-3.34,15.87,1
ZRXUSDT,RIFUSDT,0.01,-3.82,-3.34,4.42,1
